<?xml version="1.0" encoding="UTF-8"?>
<metadata xml:lang="en"><Esri><CreaDate>20160608</CreaDate><CreaTime>16194200</CreaTime><ArcGISFormat>1.0</ArcGISFormat><ArcGISstyle>XTools Pro Metadata</ArcGISstyle><SyncOnce>TRUE</SyncOnce><DataProperties><itemProps><itemLocation><linkage Sync="TRUE">file://\\NWCDM1V01688026\C$\aifiles\Ecosystem_Sci\EVOS\EVOSMAP\EVOSDATA\OS_AV\COVERS\SHOREOIL_mod\all_0689_and_0889_surveys_merged</linkage><protocol Sync="TRUE">Local Area Network</protocol></itemLocation></itemProps><copyHistory><copy source="C:\aifiles\Ecosystem_Sci\EVOS\EVOSMAP\EVOSDATA\OS_AV\COVERS\SHOREOIL_modified\all_0689_and_0889_surveys_merged" dest="\\NWCDM1V01688026\C$\aifiles\Ecosystem_Sci\EVOS\EVOSMAP\EVOSDATA\OS_AV\COVERS\SHOREOIL_mod\all_0689_and_0889_surveys_merged" date="20160608" time="16194200"></copy></copyHistory></DataProperties></Esri></metadata>
