"Species","Model","Coef.name","mean","sd","X0.025quant","X0.5quant","X0.975quant","mode","kld","log.center"
"Atheresthes.stomias","pos","cent.log.depth",0.613908670440221,0.0365153891036094,0.542274604334982,0.613888016531249,0.685591513161649,0.613849406032169,0,4.88070230935238
"Atheresthes.stomias","pos","cent.log.depth2",-1.47402904272914,0.0334706950576908,-1.53953660438879,-1.47410239510555,-1.40817500351923,-1.47424637926054,2.18706553959021e-21,4.88070230935238
"Atheresthes.stomias","pos","Y1984",3.45480304999421,0.203544800899055,3.04824889963461,3.45673474797254,3.85052080600989,3.46072362285292,3.81592943127524e-12,4.88070230935238
"Atheresthes.stomias","pos","Y1987",-0.0343495152234424,0.12924678263522,-0.288915609697161,-0.034254743658563,0.219407497189346,-0.0340541344329904,2.46738545330338e-13,4.88070230935238
"Atheresthes.stomias","pos","Y1990",0.271626677776243,0.16387751778496,-0.0532215997699529,0.27243963792001,0.591702173639488,0.274119924442166,9.59994241117254e-13,4.88070230935238
"Atheresthes.stomias","pos","Y1993",0.505426275413909,0.184439860242485,0.142067031460677,0.505484762133509,0.868002335164302,0.505601535733567,4.07953484984888e-15,4.88070230935238
"Atheresthes.stomias","pos","Y1996",0.461598418625997,0.200805192247884,0.0662782482673637,0.461543111182604,0.856697762276488,0.461422425033738,1.23900449613813e-14,4.88070230935238
"Atheresthes.stomias","pos","Y1999",0.401690167198315,0.214402403610272,-0.0182514323335854,0.400883455443295,0.825425091242221,0.399210240041995,6.50591249996138e-13,4.88070230935238
"Atheresthes.stomias","pos","Y2001",0.409414131037406,0.237226303131105,-0.0572044149862579,0.409208208537303,0.876546260509535,0.408790974163762,3.61270254132899e-14,4.88070230935238
"Atheresthes.stomias","pos","Y2003",0.747937887083773,0.23467587561655,0.285997778911999,0.747826297021885,1.20990143873425,0.747620606838705,3.83024904263858e-14,4.88070230935238
"Atheresthes.stomias","pos","Y2005",0.621213763748179,0.240506898449335,0.149076529016147,0.620634975039455,1.0958364564097,0.619438201526702,3.28449569538166e-13,4.88070230935238
"Atheresthes.stomias","pos","Y2007",0.543388389539037,0.246480913060106,0.0579850203052597,0.543320616222644,1.02852531288883,0.543192595683824,7.05849716628613e-14,4.88070230935238
"Atheresthes.stomias","pos","Y2009",0.573121635811865,0.251545819817852,0.079487741269596,0.572434562269652,1.06979728523227,0.57102465992497,4.26585170657033e-13,4.88070230935238
"Atheresthes.stomias","pos","Y2011",0.502809439009386,0.256462189376024,-0.000754057852979884,0.502202059325404,1.008973076753,0.50095860176869,3.42235078056226e-13,4.88070230935238
"Atheresthes.stomias","pos","Y2013",0.221318947444826,0.263554609797756,-0.295684349609431,0.220539824656933,0.741872571539723,0.218976070642019,3.90144749260422e-13,4.88070230935238
"Atheresthes.stomias","pos","Y2015",0.404694630669697,0.265629305184929,-0.115895828946306,0.403724094133875,0.929870479152294,0.401781546554096,5.93198105449184e-13,4.88070230935238
"Atheresthes.stomias","binomial","cent.log.depth",2.51296959555407,0.129462705412436,2.26338463463397,2.51161121359854,2.77048908045944,2.50901674981505,1.58976195225332e-13,4.88070230935238
"Atheresthes.stomias","binomial","cent.log.depth2",-2.64187452575991,0.107442652587648,-2.85590681033742,-2.64070732883023,-2.43437437508509,-2.6382561449903,7.69390378556478e-14,4.88070230935238
"Atheresthes.stomias","binomial","Y1984",5.20581475689533,1.58753539211339,1.97886966086911,5.19936844980298,8.45797107896266,5.18264525482718,6.42530143987505e-11,4.88070230935238
"Hippoglossus.stenolepis","pos","cent.log.depth",-0.935330054277612,0.030786253275499,-0.995715426703658,-0.935351938657184,-0.874878806561399,-0.935393091659617,0,4.88070230935238
"Hippoglossus.stenolepis","pos","cent.log.depth2",-0.240200401618257,0.0315290138951364,-0.301791382007763,-0.240310039382172,-0.178059131118932,-0.24052768682436,1.22153942023568e-14,4.88070230935238
"Hippoglossus.stenolepis","pos","Y1984",2.51368335034005,0.124540557014786,2.26335770786695,2.51481642462871,2.75777662587993,2.51716634067812,4.50238032065647e-11,4.88070230935238
"Hippoglossus.stenolepis","binomial","cent.log.depth",-2.96245665625558,0.110051959725879,-3.18353461638368,-2.96069653596158,-2.75123049077911,-2.95712835834823,5.50004191936239e-13,4.88070230935238
"Hippoglossus.stenolepis","binomial","cent.log.depth2",-0.513933724676389,0.108600086988352,-0.723865136128455,-0.515074853312325,-0.297551655835178,-0.517366971435577,4.36549877199441e-13,4.88070230935238
"Hippoglossus.stenolepis","binomial","Y1984",2.15801625280942,1.56831222645823,-1.09365142300376,2.13332431272478,5.54989714680078,2.10343791739889,7.16976226491963e-13,4.88070230935238
"Hippoglossus.stenolepis","binomial","Y1987",0.788302284275657,0.343491626982451,0.114053706104303,0.78370584566564,1.4897402124801,0.775744250567971,2.25493349077159e-10,4.88070230935238
"Hippoglossus.stenolepis","binomial","Y1990",-0.63138376529748,0.442697573239148,-1.52189575363824,-0.632579094386996,0.267545258360339,-0.633996399759545,1.82068004783383e-10,4.88070230935238
"Hippoglossus.stenolepis","binomial","Y1993",0.203179373233176,0.528744210034199,-0.869153514197819,0.20372777817556,1.27336279820688,0.204753160457814,1.29100814691859e-10,4.88070230935238
"Hippoglossus.stenolepis","binomial","Y1996",-0.22723325244094,0.595750682156433,-1.42843918346532,-0.230473896645637,0.992964456870457,-0.235804685576373,9.71685319283312e-11,4.88070230935238
"Hippoglossus.stenolepis","binomial","Y1999",0.106251848529535,0.661171598280673,-1.21845569938302,0.0991011337911558,1.47026605607785,0.0867454286637399,1.15716376458765e-10,4.88070230935238
"Hippoglossus.stenolepis","binomial","Y2001",-0.163278655229035,0.736735589993176,-1.64291948747366,-0.169397946836411,1.34751739160012,-0.181381982994446,1.21368724151141e-10,4.88070230935238
"Hippoglossus.stenolepis","binomial","Y2003",-0.206328696049004,0.763838535067926,-1.76266272166023,-0.205964485105662,1.34951257017265,-0.205521505141952,5.53830314878633e-11,4.88070230935238
"Hippoglossus.stenolepis","binomial","Y2005",-0.385158589176166,0.809082496734183,-2.02740737751943,-0.387514041015783,1.27255483612733,-0.391004561909997,4.90507277781715e-11,4.88070230935238
"Hippoglossus.stenolepis","binomial","Y2007",-0.0976984611770912,0.852528746547678,-1.82826225314059,-0.100382571807814,1.65026916278452,-0.104412404455273,4.52233418534313e-11,4.88070230935238
"Hippoglossus.stenolepis","binomial","Y2009",-0.0937561627242815,0.891872731119788,-1.91655128804616,-0.0925538192482549,1.72449778692889,-0.0904564248498645,3.9115822595317e-11,4.88070230935238
"Hippoglossus.stenolepis","binomial","Y2011",0.070230182650149,0.930842561668382,-1.8217562247306,0.0675972064489626,1.97900791656469,0.0633778977799757,3.83836892925456e-11,4.88070230935238
"Hippoglossus.stenolepis","binomial","Y2013",-0.371068636986102,0.967394631350667,-2.33533842218969,-0.374407582066544,1.61591225590242,-0.378868563019044,3.77344465027025e-11,4.88070230935238
"Hippoglossus.stenolepis","binomial","Y2015",0.204302528128104,0.997391639899446,-1.83606328997314,0.205535887168202,2.24170285865519,0.208356343874302,2.98085038932557e-11,4.88070230935238
"Gadus.chalcogrammus","pos","cent.log.depth",1.18162071689156,0.0760689797019539,1.03239803718239,1.18158083670389,1.3309425182603,1.18151874012073,0,4.88070230935238
"Gadus.chalcogrammus","pos","cent.log.depth2",-0.380163945683452,0.0697647776916407,-0.516566582861483,-0.380365735274924,-0.242769927891642,-0.380765289598337,8.55399578056531e-15,4.88070230935238
"Gadus.chalcogrammus","pos","Y1984",2.55033505304444,0.230865993360917,2.09492629383718,2.55027396225269,3.00545251627629,2.55020006267953,6.70728136145259e-13,4.88070230935238
"Gadus.chalcogrammus","binomial","cent.log.depth",1.63771069345458,0.0754356884888859,1.4903380073765,1.63746343479547,1.78633999722156,1.63699006522791,0,4.88070230935238
"Gadus.chalcogrammus","binomial","cent.log.depth2",-1.57704348088276,0.0668733251009477,-1.70934210337903,-1.57670466948127,-1.446738993805,-1.57601943062243,0,4.88070230935238
"Gadus.chalcogrammus","binomial","Y1984",2.90105018880841,4.21001514341468,-5.5557529511335,2.89369258861333,11.3900486489773,2.87695706804163,1.524629354752e-10,4.88070230935238
"Gadus.macrocephalus","pos","cent.log.depth",-0.89577956434399,0.0587204618815073,-1.01080184548284,-0.895874766911184,-0.780335983842202,-0.896061054156091,8.04954404489604e-15,4.88070230935238
"Gadus.macrocephalus","pos","cent.log.depth2",-0.675140841291943,0.0584747669416759,-0.789305424076375,-0.675367135244807,-0.559828238117845,-0.67581641413195,1.21759951067074e-14,4.88070230935238
"Gadus.macrocephalus","pos","Y1984",2.5346994093153,0.075902275673872,2.38300006294621,2.53549418452332,2.68192544727017,2.53711559695086,6.2052033273566e-12,4.88070230935238
"Gadus.macrocephalus","binomial","cent.log.depth",-1.3551243410663,0.067685082632593,-1.48860278496403,-1.35493120939627,-1.22283775875918,-1.35453787399019,3.63509302746206e-14,4.88070230935238
"Gadus.macrocephalus","binomial","cent.log.depth2",-1.82382075629616,0.0735274269194046,-1.96979001527484,-1.82325087425211,-1.68110412984018,-1.82207753938824,6.16073862925202e-14,4.88070230935238
"Gadus.macrocephalus","binomial","Y1984",1.94893027529175,0.474823349650245,1.04622538795672,1.9329929993846,2.94322825848796,1.90452270425299,1.15561198664188e-10,4.88070230935238
"Glyptocephalus.zachirus","pos","cent.log.depth",0.748178419076811,0.0577262170550955,0.634453716154867,0.748305034165947,0.861097409214314,0.748564068024698,0,4.88070230935238
"Glyptocephalus.zachirus","pos","cent.log.depth2",-0.98230173831906,0.0557456106018171,-1.09102274946538,-0.982557853346944,-0.872263407795168,-0.983067984878698,1.78631832934828e-14,4.88070230935238
"Glyptocephalus.zachirus","pos","Y1984",1.00384643756113,0.448030863009523,0.093726893802588,1.00806705614042,1.88923107479849,1.0154594010804,1.54656632463686e-10,4.88070230935238
"Glyptocephalus.zachirus","binomial","cent.log.depth",3.2937207761321,0.0965135540059133,3.1068981668692,3.29291338333025,3.48491163416233,3.29122166913203,0,4.88070230935238
"Glyptocephalus.zachirus","binomial","cent.log.depth2",-2.20884440436565,0.096276618179167,-2.39902966775621,-2.20838802259326,-2.02127184095576,-2.20739658175192,4.79102650735537e-14,4.88070230935238
"Glyptocephalus.zachirus","binomial","Y1984",1.42080780141437,0.799801969611475,-0.0997559752522306,1.39023624005852,3.10559614580564,1.33070281190287,3.58849866715602e-10,4.88070230935238
"Glyptocephalus.zachirus","binomial","Y1987",0.915306072450405,0.250747873181986,0.405919559379112,0.920355372776961,1.39611484737988,0.92982518268412,2.19803855201228e-11,4.88070230935238
"Glyptocephalus.zachirus","binomial","Y1990",0.457851927446894,0.308067497678592,-0.168596629613112,0.463688169459982,1.051327048918,0.474506101850737,2.69894526759706e-11,4.88070230935238
"Glyptocephalus.zachirus","binomial","Y1993",0.810956074639377,0.356671816538498,0.0944641122331299,0.813841755902586,1.50990990704681,0.818862383022934,4.63325417461124e-11,4.88070230935238
"Glyptocephalus.zachirus","binomial","Y1996",0.651595891887697,0.393296473756041,-0.138212008036412,0.654301649949876,1.4245288642487,0.658877672299727,6.87144956989475e-11,4.88070230935238
"Glyptocephalus.zachirus","binomial","Y1999",0.944618412970478,0.430972166065383,0.0856646204987268,0.945062252096771,1.79894564727981,0.94538247208806,8.07382642323664e-11,4.88070230935238
"Glyptocephalus.zachirus","binomial","Y2001",1.03126353130917,0.482231228777467,0.0664365519026124,1.03316134418363,1.98290823805421,1.03607664128494,7.45968594792189e-11,4.88070230935238
"Glyptocephalus.zachirus","binomial","Y2003",1.25943280028196,0.492303268840621,0.286014355428982,1.25687424428582,2.24594284759237,1.25153285555111,9.37202389406796e-11,4.88070230935238
"Glyptocephalus.zachirus","binomial","Y2005",1.31076664833453,0.516769386847067,0.276092854781849,1.31247342899832,2.33299958184047,1.31497056130959,9.9108280425452e-11,4.88070230935238
"Glyptocephalus.zachirus","binomial","Y2007",1.11377639358413,0.539799355222046,0.0339820701016793,1.11510244708533,2.18365380682885,1.11704528822572,1.10991335103135e-10,4.88070230935238
"Glyptocephalus.zachirus","binomial","Y2009",1.44586833402896,0.563611376045003,0.308553928835051,1.45080837424184,2.55318178820128,1.45915678503359,9.69345216303145e-11,4.88070230935238
"Glyptocephalus.zachirus","binomial","Y2011",1.09330870944085,0.584578540544077,-0.0732137382992721,1.09354011946545,2.25599643114593,1.0932434171728,1.20448565523097e-10,4.88070230935238
"Glyptocephalus.zachirus","binomial","Y2013",0.947176554670022,0.60711300816896,-0.262513531858354,0.946833377382319,2.15670227537104,0.94568195351318,1.2142251966509e-10,4.88070230935238
"Glyptocephalus.zachirus","binomial","Y2015",0.842908576934069,0.622578486443176,-0.411579263666508,0.847469737471373,2.06924463105935,0.855229116197482,1.16682684040473e-10,4.88070230935238
"Hippoglossoides.elassodon","pos","cent.log.depth",0.153416741907123,0.0633897829364103,0.0291472075623273,0.153350268647669,0.277940675935532,0.153222231403353,1.07927403222798e-15,4.88070230935238
"Hippoglossoides.elassodon","pos","cent.log.depth2",-0.954518023183985,0.0632346393978082,-1.07810346325813,-0.954719007927428,-0.829934145400556,-0.955117443284586,6.94128857192823e-15,4.88070230935238
"Hippoglossoides.elassodon","pos","Y1984",1.28457402548426,0.441573514432229,0.384101726722523,1.29420480998403,2.13365549586431,1.31377884956115,1.56819891307966e-11,4.88070230935238
"Hippoglossoides.elassodon","binomial","cent.log.depth",2.23237040857998,0.0967781235051458,2.04386519873819,2.23186169408557,2.42352630299583,2.23084530930568,2.54771628666333e-22,4.88070230935238
"Hippoglossoides.elassodon","binomial","cent.log.depth2",-2.93393553331498,0.108371036931375,-3.14967638676008,-2.93290845867194,-2.72405092357795,-2.93083275980586,0,4.88070230935238
"Hippoglossoides.elassodon","binomial","Y1984",1.68967014244645,4.73482572428782,-8.04441150663088,1.72823935169441,11.2021613145272,1.78890023093054,1.24045545158967e-10,4.88070230935238
"Microstomus.pacificus","pos","cent.log.depth",1.23815126423094,0.065720301799176,1.1083943258842,1.23838998717718,1.36646816473899,1.23887480511405,1.28523067767325e-14,4.88070230935238
"Microstomus.pacificus","pos","cent.log.depth2",0.0872241698671914,0.0595685229523389,-0.0288824259505236,0.0869258549768098,0.204874797063441,0.0863312353690454,2.9087977526371e-14,4.88070230935238
"Microstomus.pacificus","pos","Y1984",0.196534201628251,0.376593073504548,-0.566823361862803,0.200485674704392,0.936938490164658,0.207486145136022,1.33815466432838e-10,4.88070230935238
"Microstomus.pacificus","binomial","cent.log.depth",3.34105280803651,0.0914701660353354,3.16361051526599,3.34034425165615,3.52234666449671,3.33891234952922,1.06155204352331e-13,4.88070230935238
"Microstomus.pacificus","binomial","cent.log.depth2",-0.300943340193912,0.107574200763021,-0.512414843938648,-0.300856174349181,-0.0901467903639886,-0.300670759820713,8.99425598624912e-16,4.88070230935238
"Microstomus.pacificus","binomial","Y1984",0.17781701621669,0.860967461877821,-1.5185243281305,0.165848769575186,1.94241299395504,0.145005635624324,2.40415528763895e-10,4.88070230935238
"Anoplopoma.fimbria","pos","cent.log.depth",1.38477798711014,0.0697740074502667,1.24548231036522,1.38571070561287,1.51910213284518,1.38784660630341,2.50850735811624e-13,4.88070230935238
"Anoplopoma.fimbria","pos","cent.log.depth2",0.360856885576819,0.0541836626065798,0.255367637382813,0.360543243146272,0.467985147350673,0.35991776005887,3.78158154836772e-14,4.88070230935238
"Anoplopoma.fimbria","pos","Y1984",1.68107099676748,0.194351225286803,1.29730549385151,1.68162180004175,2.06138930091708,1.68273034549869,1.36380771862212e-12,4.88070230935238
"Anoplopoma.fimbria","pos","Y1987",-0.213923750632318,0.181742288265,-0.573735752457606,-0.21306527531577,0.140825969242675,-0.211309638537438,1.21277262486409e-12,4.88070230935238
"Anoplopoma.fimbria","pos","Y1990",-0.696627452028433,0.227783244443733,-1.14771549438025,-0.695476300640966,-0.252274411236054,-0.693111757159353,1.19639656144746e-12,4.88070230935238
"Anoplopoma.fimbria","pos","Y1993",-0.46810450177723,0.241221033638095,-0.944563915459125,-0.467313343085059,0.00356071708284789,-0.465670868097378,9.3349138450839e-13,4.88070230935238
"Anoplopoma.fimbria","pos","Y1996",-0.629326194184877,0.250024950063902,-1.12096366382766,-0.629271127194971,-0.138470475329103,-0.629111859840106,7.34598336783884e-13,4.88070230935238
"Anoplopoma.fimbria","pos","Y1999",-0.78388890391111,0.257322818165229,-1.28875997257254,-0.784223517072274,-0.277700330383362,-0.784868402670304,7.85530121117539e-13,4.88070230935238
"Anoplopoma.fimbria","pos","Y2001",-0.289340685843406,0.287684712241302,-0.854837886544835,-0.289332344959498,0.275542089143146,-0.28927821913283,7.66725679515616e-13,4.88070230935238
"Anoplopoma.fimbria","pos","Y2003",-0.40735095657832,0.267268573736783,-0.932520800531042,-0.407429722295598,0.117725187720655,-0.407545113231865,9.59539929172642e-13,4.88070230935238
"Anoplopoma.fimbria","pos","Y2005",-0.5308135792414,0.26823927327343,-1.05718335042069,-0.531143837980381,-0.00315498299865302,-0.531760245047533,1.0201138492692e-12,4.88070230935238
"Anoplopoma.fimbria","pos","Y2007",-0.814133295809032,0.270889339645957,-1.34507132583684,-0.814688169603256,-0.280695594100144,-0.815771257135997,1.12563834356833e-12,4.88070230935238
"Anoplopoma.fimbria","pos","Y2009",-0.853618187778429,0.272386320800732,-1.38747895619436,-0.854183784352883,-0.317180141870856,-0.855267526985086,1.15033492946929e-12,4.88070230935238
"Anoplopoma.fimbria","pos","Y2011",-1.02740072585186,0.279159301819749,-1.57426595245262,-1.02806196276901,-0.477451580843685,-1.02934731789656,1.05138540210943e-12,4.88070230935238
"Anoplopoma.fimbria","pos","Y2013",-0.92761583554291,0.295857489165757,-1.50766824857052,-0.928122243733796,-0.345366726682365,-0.929107564715493,8.67879639396283e-13,4.88070230935238
"Anoplopoma.fimbria","pos","Y2015",-0.830869243766354,0.272911811580489,-1.36569183453182,-0.83147611980536,-0.293248934189112,-0.832642185192241,1.31024932890004e-12,4.88070230935238
"Anoplopoma.fimbria","binomial","cent.log.depth",4.29413873161083,0.110068342632948,4.08075426413036,4.2932470038402,4.51241992108804,4.29145779218966,9.33059730959815e-22,4.88070230935238
"Anoplopoma.fimbria","binomial","cent.log.depth2",1.6934764138846,0.104752422878903,1.48678646867945,1.69381086962924,1.8981245787016,1.69449089347425,0,4.88070230935238
"Anoplopoma.fimbria","binomial","Y1984",-0.138324226043488,0.591254354498482,-1.33190489782086,-0.133001366913516,1.02412157432879,-0.123332584869515,1.05172052373664e-10,4.88070230935238
"Anoplopoma.fimbria","binomial","Y1987",-0.199828376566387,0.254717817735905,-0.705905653780737,-0.198526365933963,0.298396771178845,-0.19598067617583,2.15333820604298e-12,4.88070230935238
"Anoplopoma.fimbria","binomial","Y1990",-1.23299214205325,0.322654594158698,-1.87706218105216,-1.23061223066151,-0.602805400336469,-1.22591687133854,6.1437395907845e-12,4.88070230935238
"Anoplopoma.fimbria","binomial","Y1993",-0.398433295068274,0.367127507858956,-1.12232620899616,-0.399196420377133,0.328691881258473,-0.40057265769972,6.07160928466878e-12,4.88070230935238
"Anoplopoma.fimbria","binomial","Y1996",-0.781845147105552,0.405450355952864,-1.57092933058451,-0.78632414859806,0.0330409800483956,-0.794811396450115,1.78933511576282e-11,4.88070230935238
"Anoplopoma.fimbria","binomial","Y1999",-0.472145080562788,0.441198456962781,-1.3362382462037,-0.475348495175634,0.409783774511311,-0.48141994480566,1.59684559708666e-11,4.88070230935238
"Anoplopoma.fimbria","binomial","Y2001",-0.442119151446599,0.494310837577292,-1.41146674892906,-0.445233776240718,0.544307820697399,-0.451137628671074,1.39616511039895e-11,4.88070230935238
"Anoplopoma.fimbria","binomial","Y2003",-0.425143096321321,0.496067764228451,-1.3880418330476,-0.43181250220967,0.576510362870363,-0.444419141447283,2.30742445410093e-11,4.88070230935238
"Anoplopoma.fimbria","binomial","Y2005",-0.631473103557689,0.519411859206302,-1.63977484281907,-0.638513628768898,0.417670899504221,-0.651858472479731,2.38893445153469e-11,4.88070230935238
"Anoplopoma.fimbria","binomial","Y2007",-1.09588574449252,0.539601912001806,-2.15929349223529,-1.09802805237567,-0.0212882022555707,-1.10197162761394,2.52206246702873e-11,4.88070230935238
"Anoplopoma.fimbria","binomial","Y2009",-0.987976339816676,0.559368713075411,-2.08542208534167,-0.991941189082731,0.131474322565848,-0.999449975172252,2.75157261939229e-11,4.88070230935238
"Anoplopoma.fimbria","binomial","Y2011",-1.20338204242104,0.578663460926989,-2.34046792726497,-1.20687550921809,-0.0470582965990771,-1.2133815264634,2.75972773880958e-11,4.88070230935238
"Anoplopoma.fimbria","binomial","Y2013",-2.14732308045045,0.603372717718218,-3.32812700367496,-2.15242788304025,-0.937366317795149,-2.16183107193072,2.55878518125031e-11,4.88070230935238
"Anoplopoma.fimbria","binomial","Y2015",-0.951192860528884,0.607930001501139,-2.14081829868647,-0.956729195974171,0.269789243126754,-0.967174999192716,3.21769185935065e-11,4.88070230935238
"Sebastes.alutus","pos","cent.log.depth",2.11367851887682,0.142306292185329,1.83393887789227,2.11379126565132,2.39253645068044,2.11402830899886,2.19291609162387e-14,4.88070230935238
"Sebastes.alutus","pos","cent.log.depth2",-3.72778684706748,0.152548702273703,-4.02530500934952,-3.7284893017627,-3.42665480963792,-3.72988743008821,0,4.88070230935238
"Sebastes.alutus","pos","Y1984",2.94562236943403,0.445735400345364,2.10135946537188,2.93278486836995,3.86197064286054,2.9069359616709,2.38271957193853e-11,4.88070230935238
"Sebastes.alutus","binomial","cent.log.depth",2.11776330264433,0.0974974622206784,1.92772068807302,2.1172796632771,2.31030860736194,2.11631570181692,0,4.88070230935238
"Sebastes.alutus","binomial","cent.log.depth2",-2.90323367458095,0.106724757182007,-3.11476746568488,-2.90256419841442,-2.69559052066492,-2.90121064320341,7.79775985957933e-14,4.88070230935238
"Sebastes.alutus","binomial","Y1984",0.467369261411455,2.24011469693679,-4.02397922882325,0.420624387772492,5.22881014615188,0.356542145690413,3.92723733786333e-11,4.88070230935238
"Thaleichthys.pacificus","pos","cent.log.depth",1.59042094453161,0.11322955555384,1.36817726981022,1.5903926710492,1.81261643046737,1.59034482377959,0,4.88070230935238
"Thaleichthys.pacificus","pos","cent.log.depth2",-0.473672045077101,0.105669002594167,-0.679959885377445,-0.474087855882733,-0.265272822623676,-0.474914291484647,1.9264452900364e-14,4.88070230935238
"Thaleichthys.pacificus","pos","Y1984",-1.15773846208461,0.45190723677373,-2.10634985695894,-1.13785316414327,-0.320360408668678,-1.09724328865897,9.33093854573598e-11,4.88070230935238
"Thaleichthys.pacificus","binomial","cent.log.depth",2.91422454534817,0.0992711385266974,2.72101968769765,2.91363402814711,3.11052378164118,2.91245569196685,9.01268547690811e-14,4.88070230935238
"Thaleichthys.pacificus","binomial","cent.log.depth2",-1.09031446483768,0.102432815668584,-1.29358815977571,-1.08958975134739,-0.891226433139713,-1.08812524318843,9.52301617717942e-14,4.88070230935238
"Thaleichthys.pacificus","binomial","Y1984",-3.84197757048032,3.25238917472622,-10.2630369126633,-3.83558844944577,2.53664012897659,-3.82229782374526,2.7657876001241e-13,4.88070230935238
"Thaleichthys.pacificus","binomial","Y1987",0.457343032688272,0.310705956317307,-0.154302699516148,0.456880659078483,1.07062314039853,0.455994810045806,6.98646238417869e-14,4.88070230935238
"Thaleichthys.pacificus","binomial","Y1990",1.0868602872,0.401628977426959,0.304739275675306,1.08296961552798,1.8904891974465,1.07519638367928,3.24486070126823e-12,4.88070230935238
"Thaleichthys.pacificus","binomial","Y1993",1.19539190851343,0.473459033812912,0.273797601688791,1.1904436842132,2.14442513819187,1.1805465124988,3.54864097191302e-12,4.88070230935238
"Thaleichthys.pacificus","binomial","Y1996",1.12340841279488,0.533687062904245,0.0812137052556101,1.11878997549166,2.19092785016638,1.10967060082003,4.23240736535435e-12,4.88070230935238
"Thaleichthys.pacificus","binomial","Y1999",1.13826966611283,0.59034918141554,-0.0119404749259098,1.13223593259812,2.32201174908661,1.12032033981532,4.01721706464679e-12,4.88070230935238
"Thaleichthys.pacificus","binomial","Y2001",0.792633278586483,0.660638552595683,-0.498854209464134,0.787447381631346,2.11246739777878,0.777322680549787,4.19886181704194e-12,4.88070230935238
"Thaleichthys.pacificus","binomial","Y2003",0.942308123031999,0.682669013652063,-0.392156977916024,0.936627321121834,2.30774088764231,0.92538336010385,5.52245657566003e-12,4.88070230935238
"Thaleichthys.pacificus","binomial","Y2005",1.06211850866778,0.722746571757221,-0.353417228848134,1.05694294982242,2.50548726262145,1.04673459828691,6.63760175956366e-12,4.88070230935238
"Thaleichthys.pacificus","binomial","Y2007",1.02397764342941,0.763356489232406,-0.474495450816572,1.0196461967538,2.54506178800245,1.01108524470102,7.53334316661971e-12,4.88070230935238
"Thaleichthys.pacificus","binomial","Y2009",0.842346053917471,0.799645775608862,-0.730860368459004,0.838947969329699,2.43240615566698,0.832187428428646,8.29895900438141e-12,4.88070230935238
"Thaleichthys.pacificus","binomial","Y2011",0.889861010007632,0.837502050154876,-0.755273877615228,0.885443697212045,2.55771507149372,0.876640924342387,7.87657625513152e-12,4.88070230935238
"Thaleichthys.pacificus","binomial","Y2013",0.686141041823523,0.874516296981001,-1.03856154540792,0.683938171851232,2.42041581972498,0.679629947467783,8.37955195018106e-12,4.88070230935238
"Thaleichthys.pacificus","binomial","Y2015",0.547954096739922,0.90609862528049,-1.24296215954522,0.546991599175836,2.34106895100943,0.545215477066151,9.22896334096378e-12,4.88070230935238
"Sebastolobus.alascanus","pos","cent.log.depth",3.61055144901419,0.159825003543086,3.30388836524775,3.60837540009208,3.92949305370175,3.60364893040128,1.77329472738648e-12,4.88070230935238
"Sebastolobus.alascanus","pos","cent.log.depth2",-1.00145928349334,0.100768413619046,-1.20176503487775,-1.00051212218404,-0.806345186041772,-0.998404842196673,8.25483696525e-13,4.88070230935238
"Sebastolobus.alascanus","pos","Y1984",0.108884225135923,0.766964052873327,-1.43928518557103,0.100064290318335,1.70952342252597,0.0879164815111116,5.62409130230419e-11,4.88070230935238
"Sebastolobus.alascanus","binomial","cent.log.depth",7.36709732182513,0.256814832231331,6.87848676393154,7.36168786914561,7.88663112210029,7.35059502115888,7.81066702760141e-13,4.88070230935238
"Sebastolobus.alascanus","binomial","cent.log.depth2",3.58435144717474,0.257628519347679,3.03905249385165,3.5982829999815,4.05357149124646,3.62711086919787,1.45727113257486e-11,4.88070230935238
"Sebastolobus.alascanus","binomial","Y1984",-4.61082370375509,2.08094521862635,-8.87828458180891,-4.59723569104266,-0.402065074907991,-4.56818739492192,1.21392556911772e-11,4.88070230935238
"Hemilepidotus.jordani","pos","cent.log.depth",-0.61068274436942,0.12073000321855,-0.846116704782933,-0.611248322127473,-0.372335544739665,-0.612374145795629,2.95155899403112e-14,4.88070230935238
"Hemilepidotus.jordani","pos","cent.log.depth2",-0.192702283261795,0.0997774069674692,-0.3868497448069,-0.19331922849713,0.00469206075628656,-0.194551013873975,6.46457096473567e-14,4.88070230935238
"Hemilepidotus.jordani","pos","Y1984",-0.249675799920402,0.305135500415586,-0.853143411091065,-0.250386587703122,0.357078492198551,-0.251686767073821,2.89796114237281e-11,4.88070230935238
"Hemilepidotus.jordani","binomial","cent.log.depth",-2.60408360918588,0.127220476308104,-2.85684343065545,-2.60307601904004,-2.357111508582,-2.60104029191723,8.23147105549633e-14,4.88070230935238
"Hemilepidotus.jordani","binomial","cent.log.depth2",-1.85136653674946,0.120440213307089,-2.09044956618212,-1.85048338125275,-1.61737460620916,-1.84869857997655,6.12290028970478e-14,4.88070230935238
"Hemilepidotus.jordani","binomial","Y1984",-3.29598993361147,1.59405887806195,-6.6704594687179,-3.23371663139543,-0.27347697579583,-3.12461868575196,2.24752196850898e-10,4.88070230935238
"Chionoecetes.bairdi","pos","cent.log.depth",0.931850733717678,0.127847684683158,0.680866174391968,0.931834773655611,1.18269301794851,0.931813626301291,5.09431439719205e-15,4.88070230935238
"Chionoecetes.bairdi","pos","cent.log.depth2",-0.467558889609363,0.13409519431781,-0.72828534937571,-0.468455527340872,-0.202049574284066,-0.470247936207937,8.52817416380974e-14,4.88070230935238
"Chionoecetes.bairdi","pos","Y1984",-1.93799016388398,0.364553736259852,-2.64755262120506,-1.94221024042024,-1.20467991284674,-1.950432812158,1.12526806434364e-11,4.88070230935238
"Chionoecetes.bairdi","binomial","cent.log.depth",1.9037020083656,0.0919279580749821,1.72381735583005,1.90349090534032,2.08459072225082,1.90307449315151,0,4.88070230935238
"Chionoecetes.bairdi","binomial","cent.log.depth2",-0.939328344812888,0.101010882887178,-1.14073332862521,-0.938283540448637,-0.743859688914226,-0.936174741295753,3.72678677366341e-13,4.88070230935238
"Chionoecetes.bairdi","binomial","Y1984",-4.29938917222684,6.26455514273813,-16.6218172861093,-4.30057547880473,8.01562983994295,-4.30229505824685,8.63877186681407e-12,4.88070230935238
"Chionoecetes.bairdi","binomial","Y1987",-1.07106095867196,0.927598196841467,-2.89337099595921,-1.0710975070893,0.749678826128297,-1.07107456682503,5.3353860898232e-14,4.88070230935238
"Chionoecetes.bairdi","binomial","Y1990",-0.649543648896036,1.26353918214672,-3.12546617782846,-0.651732269128229,1.83593234381902,-0.656132795423737,8.98626541723052e-14,4.88070230935238
"Chionoecetes.bairdi","binomial","Y1993",-0.223260022265754,1.51813412801874,-3.20006373495187,-0.225188145836671,2.76121585259794,-0.229002801994154,6.59151214235806e-14,4.88070230935238
"Chionoecetes.bairdi","binomial","Y1996",0.357140884321615,1.72791112587385,-3.02963057500951,0.354516783875883,3.75500318167889,0.349281526589919,7.20969912246428e-14,4.88070230935238
"Chionoecetes.bairdi","binomial","Y1999",0.0713786136388221,1.91599173624345,-3.68614896920099,0.0692166728583487,3.8371226225517,0.0649560595092927,5.81849016264892e-14,4.88070230935238
"Chionoecetes.bairdi","binomial","Y2001",0.54234013021477,2.10090106318027,-3.57969337331905,0.540610230342241,4.66986859850973,0.537252566568311,5.21809970078305e-14,4.88070230935238
"Chionoecetes.bairdi","binomial","Y2003",0.359811601788377,2.23290026860937,-4.02116944954147,0.358015562627971,4.74640252514529,0.354517544259918,4.96787955204272e-14,4.88070230935238
"Chionoecetes.bairdi","binomial","Y2005",0.300152526221108,2.37376110771039,-4.35781735115775,0.298484963797921,4.96277657614407,0.295268039636569,4.59133136503724e-14,4.88070230935238
"Chionoecetes.bairdi","binomial","Y2007",0.253931936493355,2.50397890878678,-4.65955136935048,0.252202351540194,5.17216852842264,0.24886336637759,4.41251257326976e-14,4.88070230935238
"Chionoecetes.bairdi","binomial","Y2009",0.508841675627255,2.62568903148651,-4.64304526368564,0.506913035114467,5.66635067992039,0.503172008823107,4.30932922324439e-14,4.88070230935238
"Chionoecetes.bairdi","binomial","Y2011",0.247213447871338,2.74554166165404,-5.14042547965943,0.245422926045244,5.63950051742778,0.241976685658777,4.04923741372358e-14,4.88070230935238
"Chionoecetes.bairdi","binomial","Y2013",0.933418757832977,2.86071548569057,-4.6805459558284,0.931679992843245,6.55153411579948,0.928346869073877,3.91455043611241e-14,4.88070230935238
"Chionoecetes.bairdi","binomial","Y2015",-0.252865073579043,2.97662492071448,-6.0965564336446,-0.253880384546692,5.59080922781286,-0.255706499467756,3.52971088446125e-14,4.88070230935238
"Raja.rhina","pos","cent.log.depth",-0.266064642524113,0.0466235032195586,-0.357979166020526,-0.265942443813226,-0.174910872238172,-0.26569278980657,2.39409642199768e-14,4.88070230935238
"Raja.rhina","pos","cent.log.depth2",0.0537102415107089,0.0627766597568769,-0.0685952765898888,0.0533699222169116,0.177783391790779,0.0526916294888178,7.27403286167153e-14,4.88070230935238
"Raja.rhina","pos","Y1984",1.27378223593511,0.241461423270368,0.767714453917348,1.27838373693689,1.75621170579578,1.28672427859046,1.40805582545118e-10,4.88070230935238
"Raja.rhina","binomial","cent.log.depth",0.765400173035535,0.0732315602668021,0.622382254949198,0.765131608768385,0.909772627681157,0.764597810601345,1.55265472003762e-14,4.88070230935238
"Raja.rhina","binomial","cent.log.depth2",-0.779811093153461,0.0873520518990492,-0.95405220368213,-0.778885341286041,-0.610824230003503,-0.777016549150491,4.54688643125534e-13,4.88070230935238
"Raja.rhina","binomial","Y1984",-2.91720820698921,1.86857953380079,-7.00971309733183,-2.84544588463976,0.786576325035157,-2.74502260079489,2.23609967159584e-12,4.88070230935238
"Sebastes.polyspinis","pos","cent.log.depth",-2.7580992859591,0.174178303816694,-3.10078616186014,-2.75785586612191,-2.41706146291571,-2.75734215499552,1.46380124833805e-14,4.88070230935238
"Sebastes.polyspinis","pos","cent.log.depth2",-2.20373921962336,0.268727329989844,-2.72681139836751,-2.20536193066595,-1.67217831107342,-2.20861254951725,1.13767501648565e-13,4.88070230935238
"Sebastes.polyspinis","pos","Y1984",1.55887270577314,0.313495607350001,0.934245277636409,1.56052416915694,2.17394339413339,1.56403927693587,7.02649488436917e-12,4.88070230935238
"Sebastes.polyspinis","binomial","cent.log.depth",-0.755107761093855,0.0994014097828271,-0.950459172906147,-0.755041342998546,-0.560297948133395,-0.754895879031291,0,4.88070230935238
"Sebastes.polyspinis","binomial","cent.log.depth2",-2.58280469556745,0.145723286017896,-2.87454107801706,-2.58088112751347,-2.30190216989575,-2.5769985625032,9.20163757649418e-13,4.88070230935238
"Sebastes.polyspinis","binomial","Y1984",-3.22897234151162,2.28877293091418,-8.01995977056404,-3.17672960633562,1.27205293011649,-3.08704804238425,3.9127194064557e-10,4.88070230935238
"Squalus.acanthias","pos","cent.log.depth",-0.756691053836934,0.0721944573174101,-0.897955493081243,-0.75686334031745,-0.614604084229175,-0.757203469470107,2.66264011552512e-14,4.88070230935238
"Squalus.acanthias","pos","cent.log.depth2",0.104702048213441,0.0628511194582913,-0.0175860195856228,0.104310145446206,0.229056035636202,0.103527941103562,6.93843075952656e-14,4.88070230935238
"Squalus.acanthias","pos","Y1984",0.404696886712964,0.140038071700249,0.122926779005707,0.406549203723411,0.676199858845037,0.410280593269914,9.3677302923169e-12,4.88070230935238
"Squalus.acanthias","binomial","cent.log.depth",-0.901306980287678,0.0934848058877531,-1.08580358235569,-0.900994248644,-0.71871120201744,-0.900358942125055,1.27036386243249e-14,4.88070230935238
"Squalus.acanthias","binomial","cent.log.depth2",-0.518490316755586,0.0915349911278834,-0.700230491029968,-0.517809842867805,-0.340671507170521,-0.516435879619932,8.94416308177355e-14,4.88070230935238
"Squalus.acanthias","binomial","Y1984",-1.91011381266057,2.20355571227455,-6.43630629887693,-1.89395260949728,2.52589334206295,-1.86773174033614,1.3794879778499e-10,4.88070230935238
"Squalus.acanthias","binomial","Y1987",0.156758563337473,0.614743570016411,-1.06957986481572,0.156119885157701,1.38532669154114,0.154732555858542,1.77651139023459e-10,4.88070230935238
"Squalus.acanthias","binomial","Y1990",-0.474289849076039,0.845167568517578,-2.17387459186819,-0.470874449996922,1.20424709484101,-0.464532433553631,1.94737116664688e-10,4.88070230935238
"Squalus.acanthias","binomial","Y1993",0.0144299464634457,1.00833191601955,-2.01342739744873,0.017692679821548,2.02198092786289,0.0235546222185608,2.12267568908135e-10,4.88070230935238
"Squalus.acanthias","binomial","Y1996",-1.15164495701938,1.15122962508165,-3.46434267311504,-1.14881195393692,1.14374952789853,-1.1433488090826,2.15864672341259e-10,4.88070230935238
"Squalus.acanthias","binomial","Y1999",-0.465522914732867,1.26709941938991,-3.02388372949221,-0.458076221978858,2.04874867699449,-0.444365503739968,2.11730130263929e-10,4.88070230935238
"Squalus.acanthias","binomial","Y2001",-0.390506975440493,1.39759500091988,-3.20100646542998,-0.385878161144298,2.39155480974949,-0.377348144995779,2.1000313824889e-10,4.88070230935238
"Squalus.acanthias","binomial","Y2003",-0.0835085493332442,1.46189541449642,-3.05560227356514,-0.067657930789162,2.79819569655138,-0.0389810813789608,2.07552673792568e-10,4.88070230935238
"Squalus.acanthias","binomial","Y2005",-0.522514263288881,1.54690189376851,-3.6609641140278,-0.508509584923507,2.53443193506382,-0.48321458402837,2.12246727922507e-10,4.88070230935238
"Squalus.acanthias","binomial","Y2007",-0.155905904663648,1.61916294814993,-3.43040298484332,-0.145601930291951,3.05849940505093,-0.126740910805486,2.21680087045649e-10,4.88070230935238
"Squalus.acanthias","binomial","Y2009",-0.0250799493264919,1.68745861204384,-3.42638793679789,-0.0190546275784661,3.34092282181508,-0.00787165544753625,2.26478839394541e-10,4.88070230935238
"Squalus.acanthias","binomial","Y2011",-1.04538836634009,1.76213327424678,-4.62164626917702,-1.02968292544244,2.43931566867696,-1.00136968276043,2.17629831516905e-10,4.88070230935238
"Squalus.acanthias","binomial","Y2013",-0.918320647888568,1.82106453862436,-4.58135415168073,-0.914903658115857,2.72404886012618,-0.908550403518633,2.25800512836105e-10,4.88070230935238
"Squalus.acanthias","binomial","Y2015",-1.08904596333919,1.87869240796592,-4.88030390989484,-1.0813090433542,2.65680368646972,-1.06727084467917,2.25368227623298e-10,4.88070230935238
"Lepidopsetta.sp.","pos","cent.log.depth",-3.26093613815927,0.0764186079145159,-3.41026057532579,-3.26119122634869,-3.11033615599411,-3.26169506359935,1.52090442646523e-13,4.88070230935238
"Lepidopsetta.sp.","pos","cent.log.depth2",-0.942176309452115,0.0627211653778222,-1.06463501236126,-0.942421485643006,-0.818474528099894,-0.942908422499853,4.23324298593554e-14,4.88070230935238
"Lepidopsetta.sp.","pos","Y1984",0.569981707415543,0.259854768703704,0.0450364363214458,0.574272178407288,1.07176681006337,0.583200074514303,1.35461962983075e-11,4.88070230935238
"Lepidopsetta.sp.","pos","Y1987",-0.53088275715649,0.119499491537137,-0.767038685109526,-0.530514794713464,-0.297026926488676,-0.529783244413623,6.94854452349919e-13,4.88070230935238
"Lepidopsetta.sp.","pos","Y1990",0.0752217596381326,0.149456866695816,-0.218426091152333,0.0750128987532313,0.369614837012039,0.0745706769156999,4.34935708865587e-13,4.88070230935238
"Lepidopsetta.sp.","pos","Y1993",-0.146501528347212,0.160830284993571,-0.460942634201839,-0.147372110050982,0.172338116685239,-0.149176661798405,1.56817593104954e-12,4.88070230935238
"Lepidopsetta.sp.","pos","Y1996",0.0785333453840903,0.173690841715613,-0.260476094414503,0.0773566164407696,0.423722532159822,0.0749223890232327,2.49248765756739e-12,4.88070230935238
"Lepidopsetta.sp.","pos","Y1999",-0.123742016094445,0.184536961701659,-0.483228284364697,-0.12524578506354,0.243854069523428,-0.128342269012152,3.65144423940847e-12,4.88070230935238
"Lepidopsetta.sp.","pos","Y2001",0.0254618066418806,0.201485907651922,-0.368115064920186,0.0241444677446202,0.425955419569597,0.0214457939294228,2.54714368979694e-12,4.88070230935238
"Lepidopsetta.sp.","pos","Y2003",0.104458136105044,0.203166988257527,-0.29330731450306,0.103348050690175,0.507890457833338,0.101075519995587,2.89401614996962e-12,4.88070230935238
"Lepidopsetta.sp.","pos","Y2005",0.147825406247263,0.212110253945537,-0.269822187783005,0.147463639014862,0.566778812577494,0.146736008853494,2.16453433984407e-12,4.88070230935238
"Lepidopsetta.sp.","pos","Y2007",0.281652648914987,0.219406403749736,-0.150439815146226,0.281288384880954,0.715067062897886,0.280580548998944,2.63290862411942e-12,4.88070230935238
"Lepidopsetta.sp.","pos","Y2009",0.221585703891995,0.226778550551232,-0.225415970014772,0.221341490084986,0.669241930755683,0.220875876717699,2.70716884603827e-12,4.88070230935238
"Lepidopsetta.sp.","pos","Y2011",0.0585878551552941,0.235112048012059,-0.403009485034393,0.0577046588002069,0.524371969543585,0.0559180905398625,2.96304104091835e-12,4.88070230935238
"Lepidopsetta.sp.","pos","Y2013",0.107984650032563,0.245342996009376,-0.37288416374369,0.106807028909904,0.594746827779525,0.104415967977874,2.91815647599335e-12,4.88070230935238
"Lepidopsetta.sp.","pos","Y2015",0.00385918618863162,0.251298362960187,-0.487767001460709,0.00227642647636306,0.503709958710435,-0.000983619969849707,4.06204502511278e-12,4.88070230935238
"Lepidopsetta.sp.","binomial","cent.log.depth",-6.19125577459875,0.162825772899497,-6.51544568221536,-6.18971758965046,-5.87583402933778,-6.18660921729859,0,4.88070230935238
"Lepidopsetta.sp.","binomial","cent.log.depth2",-1.90757216691559,0.158329659621651,-2.21220754595472,-1.90971087797678,-1.59058157027297,-1.91400919006772,9.30047403787284e-13,4.88070230935238
"Lepidopsetta.sp.","binomial","Y1984",-0.540267815262254,2.99429208298142,-6.68903963086217,-0.542445518416025,5.62561245769798,-0.544720853163965,2.83012880645353e-11,4.88070230935238
"Bathymaster.signatus","pos","cent.log.depth",-0.424396460517632,0.120853316192592,-0.661557734294426,-0.424478315212763,-0.187012698120747,-0.424633730949032,1.23047477834015e-13,4.88070230935238
"Bathymaster.signatus","pos","cent.log.depth2",-1.17316792549999,0.199954342014767,-1.55789292753503,-1.17588313588159,-0.772766433286985,-1.18134725961746,1.0982346087498e-12,4.88070230935238
"Bathymaster.signatus","pos","Y1984",-1.5332471875601,0.0663409682529646,-1.66668101196251,-1.53219699240369,-1.40583529430416,-1.53020689700545,1.51355333621982e-12,4.88070230935238
"Bathymaster.signatus","binomial","cent.log.depth",-2.70590913374232,0.14512137241662,-2.99447292185612,-2.7046567090407,-2.42451939844718,-2.70213055372245,7.38032604882586e-14,4.88070230935238
"Bathymaster.signatus","binomial","cent.log.depth2",-4.13333093906789,0.241572506274327,-4.61875199920789,-4.12949445612729,-3.6693913657747,-4.12174874260177,1.61328564857496e-12,4.88070230935238
"Bathymaster.signatus","binomial","Y1984",-2.47071492234181,1.80007463238575,-6.24050164021561,-2.45375673614228,1.23641935946508,-2.41890039787001,1.65582189183428e-11,4.88070230935238
"Mallotus.villosus","pos","cent.log.depth",-1.12592190519546,0.149803113329504,-1.41912600216417,-1.1262574046635,-0.831135056069831,-1.12691887299612,3.71047702350332e-14,4.88070230935238
"Mallotus.villosus","pos","cent.log.depth2",-0.453473537864434,0.127211959711482,-0.701631373063314,-0.454041898301345,-0.202400494196774,-0.455173503982071,3.34448232836062e-14,4.88070230935238
"Mallotus.villosus","pos","Y1984",-3.4508156675816,0.109497665764399,-3.66734731104426,-3.45035207449538,-3.23707231354799,-3.44943569913241,1.03709391282227e-12,4.88070230935238
"Mallotus.villosus","binomial","cent.log.depth",-0.604647864720039,0.098984182728868,-0.800528049178356,-0.604140539917316,-0.411756913271148,-0.603117635446419,2.26625418491215e-14,4.88070230935238
"Mallotus.villosus","binomial","cent.log.depth2",-0.155843902271598,0.0882632974342717,-0.330643167512619,-0.155347394625229,0.0160516448501132,-0.154342524923535,6.45755235907572e-14,4.88070230935238
"Mallotus.villosus","binomial","Y1984",-4.21722234874584,1.43912115526799,-7.30812387125521,-4.15225448954164,-1.4826745559872,-4.04168946817074,9.50246494008049e-10,4.88070230935238
"Hyas.lyratus","pos","cent.log.depth",-0.405386469862485,0.107089657228128,-0.614493676184302,-0.405803961194866,-0.194165915585478,-0.406632885572425,5.38499262334824e-14,4.88070230935238
"Hyas.lyratus","pos","cent.log.depth2",0.0062149604915904,0.100416889004351,-0.189210481066574,0.00559485749043368,0.204903755989775,0.00435622722420949,1.18214218964697e-13,4.88070230935238
"Hyas.lyratus","pos","Y1984",-3.44826291243578,0.0733717550006424,-3.59109360640728,-3.44880897586897,-3.3024344557948,-3.44986878263338,3.38217189028802e-12,4.88070230935238
"Hyas.lyratus","binomial","cent.log.depth",-0.929605117388492,0.092405148089211,-1.11323930098696,-0.928854409624522,-0.750275887953651,-0.927335841403855,1.04017854137722e-13,4.88070230935238
"Hyas.lyratus","binomial","cent.log.depth2",-0.896227608120975,0.0961135998755603,-1.08866552971914,-0.894939881920322,-0.711042062587269,-0.892340786288567,5.52838740644193e-13,4.88070230935238
"Hyas.lyratus","binomial","Y1984",-4.06549703066745,0.768874656956839,-5.68407741964327,-4.04037586968008,-2.58553656155367,-3.99476513000801,5.15044970011307e-10,4.88070230935238
"Hyas.lyratus","binomial","Y1987",-3.36056275663411,1.05569350535863,-5.70135126416705,-3.25623015429,-1.56768048594928,-3.02634593545919,1.18797179555428e-10,4.88070230935238
"Hyas.lyratus","binomial","Y1990",-0.118834197244898,0.485341346204198,-1.06068217059014,-0.124820660501103,0.85913681441364,-0.135261341927116,2.17663884882433e-11,4.88070230935238
"Hyas.lyratus","binomial","Y1993",0.541194253788005,0.514930919917694,-0.424431828483399,0.521736417797199,1.61763776739703,0.485269679486438,7.62918264428769e-11,4.88070230935238
"Hyas.lyratus","binomial","Y1996",2.0002494546328,0.529475662206022,1.00473199014569,1.97950156176514,3.11167377234103,1.94028331736296,6.02597320043395e-11,4.88070230935238
"Hyas.lyratus","binomial","Y1999",2.15128844635245,0.560924327509474,1.07638855871498,2.1360352847097,3.31393692610312,2.10769985495564,1.22031414502547e-10,4.88070230935238
"Hyas.lyratus","binomial","Y2001",2.34818870586644,0.60210108316526,1.19779673803551,2.33029750677481,3.60030958781709,2.29688848527073,1.22030852103163e-10,4.88070230935238
"Hyas.lyratus","binomial","Y2003",2.14112486261934,0.622994781957892,0.961684578456938,2.11833566743258,3.44798849791089,2.07583097651052,1.1274766347665e-10,4.88070230935238
"Hyas.lyratus","binomial","Y2005",2.14597031735408,0.649312494762571,0.921459273068933,2.12036180146812,3.51418449606355,2.07289728122024,1.11124931298663e-10,4.88070230935238
"Hyas.lyratus","binomial","Y2007",2.21204932786864,0.666952020797376,0.937720198007246,2.19128094540677,3.60409575296918,2.15301978997559,1.74246519539071e-10,4.88070230935238
"Hyas.lyratus","binomial","Y2009",2.35146855724803,0.686245313518655,1.03778112232926,2.33076697889657,3.78264199516039,2.29261541330433,1.96888651645477e-10,4.88070230935238
"Hyas.lyratus","binomial","Y2011",1.93199541686379,0.709941564652576,0.572996807308411,1.91070712482286,3.41283418280881,1.872036844996,1.84940149314563e-10,4.88070230935238
"Hyas.lyratus","binomial","Y2013",2.00284171537305,0.732087474039175,0.609350928958013,1.97803614579106,3.53727380836913,1.93325513604633,1.632119429324e-10,4.88070230935238
"Hyas.lyratus","binomial","Y2015",2.06647068272811,0.742305223369079,0.626648003523071,2.04957593632778,3.60232887769236,2.01891276338421,2.3310265345418e-10,4.88070230935238
"Malacocottus.zonurus","pos","cent.log.depth",3.39026688081279,0.322276277633288,2.75778420496464,3.39011567217423,4.02324376661948,3.39005878855963,7.27918939046664e-23,4.88070230935238
"Malacocottus.zonurus","pos","cent.log.depth2",-2.40486942190914,0.255788665891509,-2.90626311555448,-2.405365659608,-1.90171835067128,-2.40672111265272,2.54530076945572e-13,4.88070230935238
"Malacocottus.zonurus","pos","Y1984",-2.92675449542268,0.195001391642799,-3.31272009158215,-2.92597409311592,-2.54538654515293,-2.92432851466143,2.58099036652773e-12,4.88070230935238
"Malacocottus.zonurus","binomial","cent.log.depth",7.59522170213513,0.370134907590199,6.8814612643044,7.59077180649015,8.33445212834261,7.58182736547449,5.96441769919226e-13,4.88070230935238
"Malacocottus.zonurus","binomial","cent.log.depth2",-5.53198334455799,0.282572803575948,-6.09687738200329,-5.52852810982849,-4.9866060402906,-5.52155723479389,4.8943188341251e-13,4.88070230935238
"Malacocottus.zonurus","binomial","Y1984",-2.77875796735184,1.89163852015435,-6.30559115842319,-2.91420770001045,1.6034769414082,-3.05398186695674,1.10417186038289e-10,4.88070230935238
"Dasycottus.setiger","pos","cent.log.depth",-0.00451889166050241,0.123082636107577,-0.246281713362087,-0.00451456016777738,0.236983183406255,-0.00450218579311237,4.97226138053381e-14,4.88070230935238
"Dasycottus.setiger","pos","cent.log.depth2",-0.650829520887315,0.175700476729188,-0.988756226776615,-0.653276886697684,-0.298741584058743,-0.658193254835208,1.38370375360602e-12,4.88070230935238
"Dasycottus.setiger","pos","Y1984",-2.57293648639116,0.137384065139848,-2.83875603859115,-2.57487286850024,-2.295889891726,-2.57858895800545,1.15996536486963e-11,4.88070230935238
"Dasycottus.setiger","binomial","cent.log.depth",2.5738098674771,0.142756152572534,2.29727051070647,2.5725382118108,2.8574052723709,2.56998038275931,7.62691004129533e-14,4.88070230935238
"Dasycottus.setiger","binomial","cent.log.depth2",-2.4428182525523,0.21592066262108,-2.87812915907661,-2.43886345971676,-2.02955154293498,-2.43086950861629,2.62424074803474e-12,4.88070230935238
"Dasycottus.setiger","binomial","Y1984",-3.29218114855112,4.6383489262459,-12.8315741434908,-3.25454183231207,6.05294020568121,-3.19034337411195,2.04548869191748e-11,4.88070230935238
"Hemitripterus.bolini","pos","cent.log.depth",0.520037511545853,0.104185917007451,0.312607906994141,0.52104883428025,0.721675389241476,0.523071495022012,3.19626071749526e-14,4.88070230935238
"Hemitripterus.bolini","pos","cent.log.depth2",-0.595417016358793,0.141776083550105,-0.869240269604078,-0.597021754950967,-0.312458425592211,-0.60023923394799,8.13316644233331e-13,4.88070230935238
"Hemitripterus.bolini","pos","Y1984",0.731076273492775,0.620082840750093,-0.440052244995449,0.706571989533847,2.04567279723546,0.68413703400204,5.11181774489732e-05,4.88070230935238
"Hemitripterus.bolini","binomial","cent.log.depth",1.9023287215032,0.11423012642128,1.68179848383806,1.90103842974162,2.13020362786086,1.898445688028,4.84980019802122e-13,4.88070230935238
"Hemitripterus.bolini","binomial","cent.log.depth2",-1.3826235902722,0.123949825237556,-1.63024737036238,-1.38117207254478,-1.14320846988979,-1.37824197888194,5.99786364082405e-13,4.88070230935238
"Hemitripterus.bolini","binomial","Y1984",-2.73987932348134,0.812758559057375,-4.37241295394078,-2.74343984304928,-1.08377293862602,-2.74800909711169,1.44762407715672e-10,4.88070230935238
"Lycodes.brevipes","pos","cent.log.depth",-0.0146396418140268,0.102914344653182,-0.216860504077274,-0.0146027904186041,0.187183318615656,-0.0145239017787679,1.90082027624534e-14,4.88070230935238
"Lycodes.brevipes","pos","cent.log.depth2",-0.313629251733795,0.0988023599186817,-0.505197596735004,-0.314478045271087,-0.117366464937149,-0.316178367858936,2.34213013233731e-13,4.88070230935238
"Lycodes.brevipes","pos","Y1984",-2.6657778390935,0.155902471788127,-2.9717610351405,-2.66608652052471,-2.35847561103549,-2.66669613059771,1.98240947826887e-12,4.88070230935238
"Lycodes.brevipes","binomial","cent.log.depth",1.9913498727775,0.112732732474428,1.77246247771796,1.99051067233854,2.21479880930941,1.98883801735315,1.7471902140971e-14,4.88070230935238
"Lycodes.brevipes","binomial","cent.log.depth2",-0.699580081401353,0.113068471861621,-0.92536755635015,-0.698294405354,-0.481070326373259,-0.695698890274777,6.07890456612353e-13,4.88070230935238
"Lycodes.brevipes","binomial","Y1984",-5.46902919745471,2.73590003981735,-10.9058657529355,-5.45242013108414,-0.12878457596301,-5.41891739145822,1.66454326829868e-12,4.88070230935238
"Sebastes.babcocki","pos","cent.log.depth",0.688151699423435,0.596687852031747,-0.516313274366602,0.699530967513752,1.82929790726169,0.72250771242576,3.59530710054776e-12,4.88070230935238
"Sebastes.babcocki","pos","cent.log.depth2",-1.12142821985698,0.513397214860465,-2.10592297589963,-1.12953639487749,-0.0896690370720452,-1.1458686961596,2.09006671222015e-12,4.88070230935238
"Sebastes.babcocki","pos","Y1984",-0.214517262817472,0.29841079159496,-0.801988793192557,-0.215629846808044,0.377996215298122,-0.218074383055246,4.92656356561774e-12,4.88070230935238
"Sebastes.babcocki","binomial","cent.log.depth",14.1195530546545,0.659329263928499,12.854390441141,14.1095618785404,15.4428546317171,14.0894212554016,1.2585671545844e-12,4.88070230935238
"Sebastes.babcocki","binomial","cent.log.depth2",-11.6196511141776,0.569478292984028,-12.7631855153838,-11.6108604170562,-10.5253928783949,-11.5931129182068,1.20503236020915e-12,4.88070230935238
"Sebastes.babcocki","binomial","Y1984",-5.16064041113456,2.31987046585956,-9.97866331105098,-5.17983409604697,-0.212013989965684,-5.19484808617734,2.00713868483799e-12,4.88070230935238
"Lycodes.palearis","pos","cent.log.depth",-0.00182173188978618,0.127147750771152,-0.250216472700251,-0.00220580875027634,0.248479015117052,-0.00298284932045873,3.02659446049912e-14,4.88070230935238
"Lycodes.palearis","pos","cent.log.depth2",-0.682645098992423,0.128473499686643,-0.929845125520202,-0.68438231463118,-0.425421924376678,-0.687882360270333,1.0249364362116e-12,4.88070230935238
"Lycodes.palearis","pos","Y1984",-1.54734631888738,0.304803634885764,-2.15767821246855,-1.55040677485024,-0.915463784899633,-1.55311266514834,1.06131714344084e-10,4.88070230935238
"Lycodes.palearis","binomial","cent.log.depth",1.52953870160615,0.132541828673615,1.27155805765416,1.52876998817235,1.79154211992184,1.52723105104297,1.26396282899069e-14,4.88070230935238
"Lycodes.palearis","binomial","cent.log.depth2",-1.97889205842169,0.175121063813763,-2.33152881282816,-1.97582758644782,-1.64337039493813,-1.96963865089564,1.85354708746175e-12,4.88070230935238
"Lycodes.palearis","binomial","Y1984",-4.23458239020951,2.52065209265347,-9.62472291505584,-4.14894090364475,0.665805993410774,-4.01647275670966,6.85959923200103e-10,4.88070230935238
"Ophiodon.elongatus","pos","cent.log.depth",-0.439550949026369,0.108615202216918,-0.653028301167928,-0.439495994694705,-0.226558047981172,-0.439356312299768,7.23459216346955e-14,4.88070230935238
"Ophiodon.elongatus","pos","cent.log.depth2",-0.0618004907072433,0.111931344731727,-0.278716786544841,-0.062799197033127,0.160665793405894,-0.064798833239074,2.3917369822093e-13,4.88070230935238
"Ophiodon.elongatus","pos","Y1984",0.952937872020936,0.233802176860676,0.43091439968752,0.97249636100767,1.36183145991725,1.00816691550929,3.97546117284651e-10,4.88070230935238
"Ophiodon.elongatus","binomial","cent.log.depth",-2.98038614315183,0.148926939864741,-3.27740730559106,-2.97877198632873,-2.69252914517687,-2.97551279018448,6.00682532458018e-14,4.88070230935238
"Ophiodon.elongatus","binomial","cent.log.depth2",-1.27324301041252,0.138197138323642,-1.54922670516301,-1.27165969028256,-1.00621955451503,-1.26846303514077,5.23184320991357e-13,4.88070230935238
"Ophiodon.elongatus","binomial","Y1984",-3.85063173195267,2.80107989005167,-9.72603031479629,-3.81731081171018,1.86092149278434,-3.75968449932822,1.66955884639622e-11,4.88070230935238
"Raja.binoculata","pos","cent.log.depth",-0.581126895184606,0.113222056548342,-0.800893847388651,-0.582011554110249,-0.35653028021319,-0.583783927823905,8.33583031389998e-14,4.88070230935238
"Raja.binoculata","pos","cent.log.depth2",-0.137678317181462,0.0843522632897803,-0.300975255346384,-0.138487844051638,0.0301539727749955,-0.14011017277775,2.74520737431013e-13,4.88070230935238
"Raja.binoculata","pos","Y1984",1.60216530036235,0.156026601965796,1.29358924575574,1.60270492476979,1.90743522440069,1.60382120633011,1.59161761566261e-12,4.88070230935238
"Raja.binoculata","pos","Y1987",-0.0351747046715342,0.161709204025488,-0.353097375635391,-0.0351388055006875,0.282297060437386,-0.0349884453387328,5.76599079799788e-13,4.88070230935238
"Raja.binoculata","pos","Y1990",0.274754940468415,0.209656477711799,-0.131910096289155,0.272962550939154,0.691367614564896,0.269408137187251,6.29547618134758e-13,4.88070230935238
"Raja.binoculata","pos","Y1993",0.163078226704273,0.180717835696713,-0.190283837653031,0.162389913627213,0.520026526353668,0.161185639434715,1.44725944572326e-12,4.88070230935238
"Raja.binoculata","pos","Y1996",0.577917483184471,0.190785939109318,0.206037239234799,0.576826888840134,0.955683408519521,0.574808795466541,6.93902709560302e-13,4.88070230935238
"Raja.binoculata","pos","Y1999",0.741729187498457,0.188162286772579,0.37541634683803,0.740478075634675,1.11499400276046,0.738173039278567,7.25931737336665e-13,4.88070230935238
"Raja.binoculata","pos","Y2001",0.771578473892202,0.216524375882777,0.350243266981405,0.77006701816808,1.20115676313884,0.767136387875899,2.27039513301068e-12,4.88070230935238
"Raja.binoculata","pos","Y2003",0.700103916972354,0.19119708980848,0.3268147228779,0.699191531968681,1.07815691160978,0.697500920998535,8.19994985045486e-13,4.88070230935238
"Raja.binoculata","pos","Y2005",0.547551919836358,0.198764036696313,0.162136267111193,0.545717352467779,0.943487882237369,0.542249069468753,1.60320951644314e-12,4.88070230935238
"Raja.binoculata","pos","Y2007",0.744580176824879,0.210307417375108,0.33600386336476,0.742942193148787,1.16223430404718,0.739762439196932,1.26825647638227e-12,4.88070230935238
"Raja.binoculata","pos","Y2009",0.544527598415974,0.199340259840548,0.155993526330778,0.543374737133096,0.939228368303168,0.541190661316202,9.31435832798201e-13,4.88070230935238
"Raja.binoculata","pos","Y2011",0.567071005075153,0.199319119314231,0.180298123740199,0.565334680743896,0.963714628615362,0.562036811539586,1.23868541258003e-12,4.88070230935238
"Raja.binoculata","pos","Y2013",0.482471698674432,0.222444893506515,0.0508947098890408,0.480566500400276,0.924688074142278,0.476833663733808,1.02004269548407e-12,4.88070230935238
"Raja.binoculata","pos","Y2015",0.6061725635307,0.200906883068822,0.214583291522076,0.604998873463396,1.0040144769898,0.602745680592437,1.076498451823e-12,4.88070230935238
"Raja.binoculata","binomial","cent.log.depth",-1.54165667312496,0.130644132016637,-1.80219548373465,-1.54029867799817,-1.28883495354548,-1.53756073539162,4.81351393918858e-13,4.88070230935238
"Raja.binoculata","binomial","cent.log.depth2",-0.296975491961447,0.105298832294689,-0.505461909537619,-0.296394897656051,-0.0918880439339077,-0.295219762978049,4.31809513115045e-14,4.88070230935238
"Raja.binoculata","binomial","Y1984",-2.79786811641626,0.316330023123877,-3.43703391698223,-2.79295973587045,-2.18550904660636,-2.78300108780885,2.28248219362045e-11,4.88070230935238
"Raja.binoculata","binomial","Y1987",0.517097824846367,0.194889131537274,0.13696347732714,0.516176258529675,0.901968524431966,0.514347424781607,2.85361791304921e-13,4.88070230935238
"Raja.binoculata","binomial","Y1990",-0.503714208044014,0.244652996231971,-0.98685765214831,-0.502897708668227,-0.0254855995164744,-0.50117689295797,6.62877144828831e-13,4.88070230935238
"Raja.binoculata","binomial","Y1993",0.0586305813130507,0.224069183369838,-0.378414787463162,0.057440205522524,0.50188811232926,0.0551547011343424,1.75512825541304e-12,4.88070230935238
"Raja.binoculata","binomial","Y1996",-0.161533095100098,0.235334340689426,-0.620856230531882,-0.162733814328295,0.304054306913499,-0.165007385209999,2.23524971511436e-12,4.88070230935238
"Raja.binoculata","binomial","Y1999",0.0506114837824167,0.240627793426288,-0.417003595112386,0.0486429581472684,0.529320952274947,0.0449085183222786,2.80266314474123e-12,4.88070230935238
"Raja.binoculata","binomial","Y2001",-0.327753414067346,0.272081665759339,-0.861884446950739,-0.328207899524555,0.208438394817877,-0.328929471034456,1.91561503089927e-12,4.88070230935238
"Raja.binoculata","binomial","Y2003",-0.00951953530657438,0.250362872545565,-0.496236253353503,-0.0116877668289603,0.489497230625394,-0.0158023207482469,5.03561753281155e-12,4.88070230935238
"Raja.binoculata","binomial","Y2005",-0.12349754565642,0.259025477897291,-0.628012113661246,-0.125454740771826,0.391966497197633,-0.129156298172424,4.50502902870261e-12,4.88070230935238
"Raja.binoculata","binomial","Y2007",-0.490785635305704,0.274158321301369,-1.0274232035955,-0.491961055853715,0.0519235057817502,-0.494098178496417,2.29724353824562e-12,4.88070230935238
"Raja.binoculata","binomial","Y2009",-0.218390182367622,0.270393464343498,-0.747543961150036,-0.219719452584436,0.317751699854987,-0.222209615198268,2.50027275833643e-12,4.88070230935238
"Raja.binoculata","binomial","Y2011",0.0814141103609583,0.275380761023491,-0.457177618123552,0.0799065616178252,0.628070321389416,0.0770631129881772,2.77755558544228e-12,4.88070230935238
"Raja.binoculata","binomial","Y2013",-0.391626500592877,0.299419677066844,-0.981931645249664,-0.39154201702502,0.197608115305874,-0.391215872641197,1.29525356930432e-12,4.88070230935238
"Raja.binoculata","binomial","Y2015",0.116630298799601,0.281838102975655,-0.437577888116704,0.115908306311178,0.673972726604268,0.114528200002643,5.48789764397196e-13,4.88070230935238
"Isopsetta.isolepis","pos","cent.log.depth",-2.32563978530767,0.373930972000397,-3.04499644565669,-2.3307437887015,-1.57679512119914,-2.34101424165221,1.12273404909548e-12,4.88070230935238
"Isopsetta.isolepis","pos","cent.log.depth2",-0.818542117342542,0.219865284339251,-1.23901422631732,-0.822453193750819,-0.375395318731779,-0.830346492602998,2.45915104230604e-12,4.88070230935238
"Isopsetta.isolepis","pos","Y1984",-0.603708256821595,0.240816475024145,-1.07916780568922,-0.603013119446223,-0.13314232396806,-0.602192365578119,3.91642368049785e-12,4.88070230935238
"Isopsetta.isolepis","binomial","cent.log.depth",-3.67006605599318,0.255544703221402,-4.18293965404969,-3.66624397073969,-3.17862614855478,-3.65852534130446,1.57770076650691e-12,4.88070230935238
"Isopsetta.isolepis","binomial","cent.log.depth2",-1.61566637607657,0.16524361990841,-1.94509453669053,-1.61397671884862,-1.29584153872913,-1.61056567705262,3.94396119047229e-13,4.88070230935238
"Isopsetta.isolepis","binomial","Y1984",-4.77289197516527,0.652997632653699,-6.14816118439179,-4.74350792058412,-3.55186559480714,-4.68038865418847,1.51094243323194e-10,4.88070230935238
"Pleurogrammus.monopterygius","pos","cent.log.depth",-1.22486683994071,0.177929269843174,-1.57315081141737,-1.22525233119451,-0.874773362812038,-1.22601114237608,2.98080998844802e-14,4.88070230935238
"Pleurogrammus.monopterygius","pos","cent.log.depth2",-1.12056835104852,0.272804958822297,-1.64457383099172,-1.12456577639533,-0.573356904236153,-1.1326113989748,1.43062056031802e-12,4.88070230935238
"Pleurogrammus.monopterygius","pos","Y1984",0.848771956853903,0.163421996196375,0.525683883488441,0.849397818219309,1.16805145650438,0.850627285646171,2.09516926987581e-12,4.88070230935238
"Pleurogrammus.monopterygius","binomial","cent.log.depth",-0.781256627816193,0.124374625640734,-1.02721969921622,-0.780666712427504,-0.538779035962056,-0.779470893328767,2.51197120843034e-14,4.88070230935238
"Pleurogrammus.monopterygius","binomial","cent.log.depth2",-1.61527132425895,0.163289445429352,-1.94481585976522,-1.61216511609946,-1.30301267952827,-1.6058831983214,3.42684244159216e-12,4.88070230935238
"Pleurogrammus.monopterygius","binomial","Y1984",-4.36396003921046,1.86635082720251,-8.2800668014506,-4.31794388684063,-0.700110643483898,-4.23813919756732,4.79394250438672e-10,4.88070230935238
"Bathyraja.interrupta","pos","cent.log.depth",-0.0864807509380747,0.0844719720381494,-0.254728013775943,-0.0856809717641974,0.0772138815077155,-0.0840610650432289,5.33142873217364e-13,4.88070230935238
"Bathyraja.interrupta","pos","cent.log.depth2",0.0665988767347975,0.104312253269156,-0.133860010310131,0.0651053375461367,0.275711535146509,0.0620957250391462,1.30338909357258e-12,4.88070230935238
"Bathyraja.interrupta","pos","Y1984",-0.705049082985099,0.304564761221447,-1.29869783879673,-0.706271563746173,-0.104295845348616,-0.708221987708814,2.22521096669618e-10,4.88070230935238
"Bathyraja.interrupta","pos","Y1987",-0.515008276124277,0.253840920520713,-1.01596001699362,-0.514348372967028,-0.0183213052428178,-0.513114865374142,2.05037733335049e-13,4.88070230935238
"Bathyraja.interrupta","pos","Y1990",0.308226697073602,0.250023668957554,-0.190513993020317,0.310614561898908,0.79368462056601,0.315583597776804,3.70765804316829e-12,4.88070230935238
"Bathyraja.interrupta","pos","Y1993",-0.114782652027018,0.345330579700842,-0.784611204240897,-0.117923691787652,0.572410496862784,-0.124315758381669,2.9619221444881e-12,4.88070230935238
"Bathyraja.interrupta","pos","Y1996",0.38452831338647,0.260856562749192,-0.138380183947375,0.387975283707213,0.889110157315553,0.395482552795507,2.26255372410387e-11,4.88070230935238
"Bathyraja.interrupta","pos","Y1999",0.648818911034994,0.270877620501451,0.105595727268806,0.652350013606899,1.17344113965042,0.660140603764633,2.17321821981161e-11,4.88070230935238
"Bathyraja.interrupta","pos","Y2001",0.254832138467365,0.286428352508124,-0.316482367566259,0.257229369865264,0.813185447441296,0.26239883434921,2.46742879301467e-11,4.88070230935238
"Bathyraja.interrupta","pos","Y2003",0.55959628607784,0.290248329846285,-0.0234086625497761,0.563644452522816,1.12214511233988,0.572955121694022,2.74867248602702e-11,4.88070230935238
"Bathyraja.interrupta","pos","Y2005",0.48985456676167,0.289206487079016,-0.0890495559643564,0.492787232323416,1.05381716155416,0.499506249767588,4.2649079656692e-11,4.88070230935238
"Bathyraja.interrupta","pos","Y2007",0.464285387305014,0.298396898209966,-0.129915464205555,0.465929299320991,1.04954578074719,0.469597145962014,5.51565784182256e-11,4.88070230935238
"Bathyraja.interrupta","pos","Y2009",0.490147087570714,0.29692773826916,-0.101137371964956,0.491761418862831,1.07269654233981,0.495352559397085,6.75573864665697e-11,4.88070230935238
"Bathyraja.interrupta","pos","Y2011",0.465468401675478,0.308067305822636,-0.147146226693343,0.466792547816545,1.07078861299784,0.469689676882235,6.56314118669716e-11,4.88070230935238
"Bathyraja.interrupta","pos","Y2013",0.459735390897398,0.315412503871573,-0.16354706739538,0.459368221841174,1.08312038349579,0.458022159175143,8.51558053121775e-11,4.88070230935238
"Bathyraja.interrupta","pos","Y2015",0.503751102067638,0.32005774373087,-0.128446398170995,0.503242244152622,1.13674432150524,0.501548393978791,9.02512102366547e-11,4.88070230935238
"Bathyraja.interrupta","binomial","cent.log.depth",1.88955541206248,0.119961091464388,1.65911378544582,1.88783594305462,2.12996559987235,1.88436585578741,7.40629085689821e-13,4.88070230935238
"Bathyraja.interrupta","binomial","cent.log.depth2",-0.963352257058011,0.134092995437829,-1.23263696004035,-0.961294043508589,-0.705596063228127,-0.957136108545193,1.8724018388238e-12,4.88070230935238
"Bathyraja.interrupta","binomial","Y1984",-4.01135051271034,1.87459894709464,-8.02875453679364,-3.95855355316513,-0.261576591399925,-3.87630254864016,2.09544688479722e-11,4.88070230935238
"Myoxocephalus.polyacanthocephalus","pos","cent.log.depth",-0.253060796435221,0.176788281991543,-0.596124357697241,-0.254488426322751,0.097839158425666,-0.257343364806916,1.97593775462705e-13,4.88070230935238
"Myoxocephalus.polyacanthocephalus","pos","cent.log.depth2",-0.308198857678404,0.11234011744769,-0.52524054076805,-0.309427363269111,-0.0841922204725532,-0.311898017277265,5.40473033235639e-13,4.88070230935238
"Myoxocephalus.polyacanthocephalus","pos","Y1984",0.748885290917148,0.130418054733534,0.474069968660601,0.754246335480258,0.993082916066175,0.764234569373151,3.77378340640148e-11,4.88070230935238
"Myoxocephalus.polyacanthocephalus","binomial","cent.log.depth",-2.08998903880641,0.194906286644833,-2.47874429503203,-2.08793245972725,-1.71290808633251,-2.08378066322589,4.55914300091379e-13,4.88070230935238
"Myoxocephalus.polyacanthocephalus","binomial","cent.log.depth2",-1.27040305700727,0.152054158355113,-1.5736341703707,-1.26881329877941,-0.976201273160351,-1.2656053047799,3.86553470939157e-13,4.88070230935238
"Myoxocephalus.polyacanthocephalus","binomial","Y1984",-5.68911622486256,2.51002801995092,-10.7139007850827,-5.66414336633128,-0.800860161601911,-5.61319524481931,3.34110906390565e-12,4.88070230935238
"Sebastes.borealis","pos","cent.log.depth",3.53771100831295,0.360394026610413,2.82428131656099,3.53946432572646,4.24079547834651,3.54302983354712,2.01728367060388e-13,4.88070230935238
"Sebastes.borealis","pos","cent.log.depth2",-2.08679428241916,0.256730483598771,-2.58841481340636,-2.08772601832939,-1.58050800179859,-2.08957204608902,6.40086775023691e-14,4.88070230935238
"Sebastes.borealis","pos","Y1984",1.16614679618971,0.230847590923268,0.715557470039893,1.16474386624046,1.62427609249339,1.16206546210999,1.29375130486217e-12,4.88070230935238
"Sebastes.borealis","binomial","cent.log.depth",13.2654615521381,0.740050555790168,11.8464790987602,13.2538424063552,14.752181334519,13.2304124867788,1.76443856607179e-12,4.88070230935238
"Sebastes.borealis","binomial","cent.log.depth2",-5.77624092113605,0.427602474948997,-6.62993200553472,-5.77143886743332,-4.94975426892112,-5.76175208772019,5.05188230141933e-13,4.88070230935238
"Sebastes.borealis","binomial","Y1984",-7.97958216730029,0.54084139587958,-9.04344864424536,-7.98269321417153,-6.89405760130238,-7.98576445772233,8.80687615026596e-11,4.88070230935238
"Sebastes.borealis","binomial","Y1987",1.36143234351161,0.256386948208352,0.859168785086661,1.36093059506998,1.86596812227637,1.35994195159855,5.62422020110995e-13,4.88070230935238
"Sebastes.borealis","binomial","Y1990",0.389092865555003,0.284164168126388,-0.171355056825135,0.389667044425786,0.945764577499935,0.390823879647733,2.08915990992822e-12,4.88070230935238
"Sebastes.borealis","binomial","Y1993",0.712124012316014,0.296676541524738,0.12625097890177,0.712808263028999,1.29355355377654,0.714193218196993,3.12378693246523e-12,4.88070230935238
"Sebastes.borealis","binomial","Y1996",1.02547607333293,0.294092381389382,0.445511923217268,1.02556973368851,1.60413108897967,1.02576703868227,1.76114949552711e-12,4.88070230935238
"Sebastes.borealis","binomial","Y1999",0.891001983375183,0.311258211537434,0.275798282363894,0.891423602645026,1.50304727422965,0.892292922764745,8.02742802152537e-13,4.88070230935238
"Sebastes.borealis","binomial","Y2001",1.2477859474862,0.389826841140091,0.476029111868799,1.24915010083659,2.01121313819142,1.25196507062967,2.89929552760591e-12,4.88070230935238
"Sebastes.borealis","binomial","Y2003",0.836240868404892,0.342605728251604,0.154130253654157,0.838221394451769,1.50653487000236,0.842107403099675,3.54408973587957e-12,4.88070230935238
"Sebastes.borealis","binomial","Y2005",1.14820119621302,0.33859448486474,0.475512642165747,1.14922341911807,1.81419597614246,1.15123477402569,5.90332023216029e-12,4.88070230935238
"Sebastes.borealis","binomial","Y2007",1.00281347146283,0.350707308113376,0.304111173061247,1.00448764404264,1.69129563576332,1.00779663318944,9.30185745205166e-12,4.88070230935238
"Sebastes.borealis","binomial","Y2009",1.47884555799863,0.35743035485787,0.763167342052256,1.48158345784179,2.17819904585015,1.48668798276052,1.85987264052044e-11,4.88070230935238
"Sebastes.borealis","binomial","Y2011",0.904569696733017,0.381927224800327,0.13982184721414,0.907816109203238,1.65028957349173,0.91399174248716,1.20868762562271e-11,4.88070230935238
"Sebastes.borealis","binomial","Y2013",1.28094885111112,0.395910272311861,0.487398986667309,1.28461289213718,2.05331121848951,1.29170436378708,1.3808674244904e-11,4.88070230935238
"Sebastes.borealis","binomial","Y2015",1.17688057724184,0.38371092420697,0.405622977592713,1.18066502554806,1.92641120702555,1.18796736483467,3.02519952215118e-11,4.88070230935238
"Sebastes.zacentrus","pos","cent.log.depth",3.63354555744113,0.6502397554478,2.34608776779687,3.63712793996768,4.90001245717366,3.64436064964433,4.2012944351036e-14,4.88070230935238
"Sebastes.zacentrus","pos","cent.log.depth2",-5.81047744130217,0.714073302241244,-7.196670445873,-5.81602579529573,-4.39397722523131,-5.82711451610095,1.39349236430157e-13,4.88070230935238
"Sebastes.zacentrus","pos","Y1984",0.543818751327889,0.43432238988064,-0.30660144433043,0.542248111029011,1.40194195422018,0.539289575987297,1.30926889453164e-11,4.88070230935238
"Sebastes.zacentrus","binomial","cent.log.depth",3.20156432124643,0.391892443044685,2.44882292134419,3.19582678419511,3.98759461064235,3.18425812678385,1.58748263126001e-12,4.88070230935238
"Sebastes.zacentrus","binomial","cent.log.depth2",-6.70093810051185,0.48118238634934,-7.67049717890677,-6.69233401937331,-5.77938175337366,-6.67495626852845,2.46272578440012e-12,4.88070230935238
"Sebastes.zacentrus","binomial","Y1984",-2.03704324591391,7.38581259019448,-16.6401604339066,-2.06107377207017,12.6894949991978,-2.10201109250456,5.71273518052044e-12,4.88070230935238
"Sebastes.variegatus","pos","cent.log.depth",-0.746669131435328,0.35425977311035,-1.44942353514835,-0.744285215775286,-0.0577172024205173,-0.739471553585214,1.44638597375428e-13,4.88070230935238
"Sebastes.variegatus","pos","cent.log.depth2",-1.89155016965943,0.433808471999131,-2.73718775111376,-1.89369140871067,-1.0348625903482,-1.89797770038677,5.19154685768947e-14,4.88070230935238
"Sebastes.variegatus","pos","Y1984",0.599088279931217,0.162681100012367,0.273638720243898,0.600858296037513,0.91416888602524,0.604135793540038,3.80122872824809e-12,4.88070230935238
"Sebastes.variegatus","binomial","cent.log.depth",-0.196118389262208,0.186915611898236,-0.558727394297094,-0.197651801036628,0.174924546343229,-0.200722140629898,1.9731813669431e-13,4.88070230935238
"Sebastes.variegatus","binomial","cent.log.depth2",-2.84238975533357,0.246311155654446,-3.33856621010698,-2.83803647126494,-2.37049958800911,-2.82923888816161,2.58390787018823e-12,4.88070230935238
"Sebastes.variegatus","binomial","Y1984",-1.90432543273014,7.65820671195839,-17.0279268443519,-1.90718486755392,13.211961622171,-1.91125947139417,1.76959715013941e-12,4.88070230935238
"Bathyraja.aleutica","pos","cent.log.depth",-0.311153671382914,0.114264281007126,-0.540283203261933,-0.309515863605842,-0.091228292194757,-0.306216795617745,9.61939833789557e-13,4.88070230935238
"Bathyraja.aleutica","pos","cent.log.depth2",-0.60314242553399,0.120075804083406,-0.834284934284961,-0.604732129144035,-0.362833238302058,-0.607927314080793,8.52791813751352e-13,4.88070230935238
"Bathyraja.aleutica","pos","Y1984",1.47049434883542,0.0803793757810315,1.31045112027969,1.47122544680013,1.62635891597348,1.47268110332639,2.02769380473437e-12,4.88070230935238
"Bathyraja.aleutica","binomial","cent.log.depth",1.90202415772311,0.124159449807127,1.66411307226263,1.90002598347829,2.15157864868452,1.89599514566643,1.44759440122295e-12,4.88070230935238
"Bathyraja.aleutica","binomial","cent.log.depth2",-0.942503695945392,0.124459651840607,-1.19211376764237,-0.940706660181272,-0.702981973691203,-0.937077611384025,1.41732595313267e-12,4.88070230935238
"Bathyraja.aleutica","binomial","Y1984",-4.00882816076724,0.657595018945253,-5.41435480921351,-3.98338601671157,-2.74353935808131,-3.93930630987214,1.14506415158064e-09,4.88070230935238
"Bathyraja.aleutica","binomial","Y1987",-0.185392358017045,0.346994349070767,-0.864642599001167,-0.187597959168241,0.507142121845537,-0.191028578074735,9.69400203924488e-12,4.88070230935238
"Bathyraja.aleutica","binomial","Y1990",-0.237305774688268,0.419721186861226,-1.03711669611468,-0.248143046381775,0.628435460735829,-0.266641200874639,4.56372832341121e-11,4.88070230935238
"Bathyraja.aleutica","binomial","Y1993",-2.37218113618849,0.708220001370671,-3.85813604370166,-2.33954700065991,-1.06088880702927,-2.26956966748992,3.28328590262898e-11,4.88070230935238
"Bathyraja.aleutica","binomial","Y1996",0.0787945315724406,0.479411628225879,-0.835819009439547,0.0639618369676851,1.07961368728327,0.0376609430680446,1.06601021892332e-10,4.88070230935238
"Bathyraja.aleutica","binomial","Y1999",0.905448169612561,0.493108025668597,-0.056117085901401,0.894895677541509,1.92779289425051,0.876717823074689,3.03799263711571e-10,4.88070230935238
"Bathyraja.aleutica","binomial","Y2001",0.338715969533516,0.55205601583372,-0.743216964210458,0.329778760965258,1.47369400912398,0.31494729945805,2.2222231865374e-10,4.88070230935238
"Bathyraja.aleutica","binomial","Y2003",1.09872042440734,0.54304189461325,0.0229784368309884,1.09103971019494,2.21761907644208,1.0777585901088,2.36413071552545e-10,4.88070230935238
"Bathyraja.aleutica","binomial","Y2005",1.09753293101482,0.564205388257171,-0.0434836695565786,1.09817032803438,2.23874560974646,1.10061349333176,1.98976233256045e-10,4.88070230935238
"Bathyraja.aleutica","binomial","Y2007",0.81374292580661,0.587926788918448,-0.380152832778945,0.816301323359663,1.99795057571901,0.822319950109706,2.32547693758124e-10,4.88070230935238
"Bathyraja.aleutica","binomial","Y2009",0.885752371290759,0.606093288525388,-0.323724782933862,0.879850558636894,2.13088966455213,0.87081213167529,2.0038781691271e-10,4.88070230935238
"Bathyraja.aleutica","binomial","Y2011",1.06454481235879,0.623613341239344,-0.182146220015433,1.05926039898157,2.34395393658124,1.05148203415542,2.06539063673708e-10,4.88070230935238
"Bathyraja.aleutica","binomial","Y2013",1.26230881720598,0.643055985896511,0.00264316597617875,1.24784196240625,2.60433844939836,1.2237182026379,4.03048451772721e-10,4.88070230935238
"Bathyraja.aleutica","binomial","Y2015",1.54377173326311,0.649468254785359,0.263040827698309,1.53096078584335,2.89635424597406,1.50948206686382,3.64704419728438e-10,4.88070230935238
"Parophrys.vetulus","pos","cent.log.depth",-1.84483609794709,0.204131730090103,-2.24362900412856,-1.84559370256403,-1.44223054640471,-1.84708675166056,4.26293874941211e-14,4.88070230935238
"Parophrys.vetulus","pos","cent.log.depth2",-0.918356422953702,0.171584664746788,-1.25055445651277,-0.919981498166402,-0.577069010599074,-0.923242603236354,2.25315582931987e-13,4.88070230935238
"Parophrys.vetulus","pos","Y1984",0.0948539964353477,0.177889452889182,-0.266547352905578,0.0983018605590201,0.437322728293023,0.105078744488048,1.44173655083684e-11,4.88070230935238
"Parophrys.vetulus","binomial","cent.log.depth",-1.84895440055354,0.150742790646482,-2.14971259673625,-1.84733373946742,-1.55738964269055,-1.84406243034994,5.08124987721593e-13,4.88070230935238
"Parophrys.vetulus","binomial","cent.log.depth2",-0.951338340335684,0.133908742785653,-1.21870261351873,-0.949825808710289,-0.692539829831374,-0.946773618583977,5.10794720229274e-13,4.88070230935238
"Parophrys.vetulus","binomial","Y1984",-2.75779710947357,0.851710422115312,-4.54066437205982,-2.74677224410521,-1.05294545974173,-2.73435606641959,4.74771592601507e-11,4.88070230935238
"Zaprora.silenus","pos","cent.log.depth",0.367308432617744,0.152252503795399,0.065131641189042,0.368416031073002,0.663149958754299,0.370704746474647,1.61941711499228e-13,4.88070230935238
"Zaprora.silenus","pos","cent.log.depth2",-1.23761471775951,0.193041029161386,-1.60283031194288,-1.24254877501107,-0.844444756166676,-1.2526585151168,1.93950976069601e-12,4.88070230935238
"Zaprora.silenus","pos","Y1984",-0.0195187502924637,3.05275466975794,-6.48769839958698,-0.0252010900099103,6.54250017368073,-0.00459409281651814,5.03142458602374e-08,4.88070230935238
"Zaprora.silenus","binomial","cent.log.depth",-0.790398440475966,0.126759658746095,-1.03919459968761,-0.790426220498481,-0.541662312988159,-0.790459125808537,3.45476174653244e-15,4.88070230935238
"Zaprora.silenus","binomial","cent.log.depth2",-1.35464495917665,0.157861615962118,-1.67415201445006,-1.35129723662068,-1.05370822080726,-1.34452328729165,4.58207076165996e-12,4.88070230935238
"Zaprora.silenus","binomial","Y1984",-1.9251399581933,4.58363719579654,-11.3824456308805,-1.99127127735669,7.88234489973901,-2.07740449353763,1.95644754144233e-11,4.88070230935238
"Albatrossia.pectoralis","pos","cent.log.depth",7.93723011724579,0.945653499242899,6.001413965853,7.96507969731345,9.71973937406034,8.02215539764433,1.37756656007634e-11,4.88070230935238
"Albatrossia.pectoralis","pos","cent.log.depth2",-2.43208929464972,0.454288274261853,-3.29710941678552,-2.44200960197305,-1.51049458848161,-2.46227004096473,7.05368790397932e-12,4.88070230935238
"Albatrossia.pectoralis","pos","Y1984",-1.77580890967917,2.73664118554133,-7.66281811740075,-1.74811093494642,3.98918404009395,-1.71053534664898,2.52493725911836e-07,4.88070230935238
"Albatrossia.pectoralis","binomial","cent.log.depth",11.0860248892981,3.10157848797609,5.47740841270858,10.9089078628886,17.6686045228182,10.5395765097682,2.83407027869631e-11,4.88070230935238
"Albatrossia.pectoralis","binomial","cent.log.depth2",2.00441970173641,1.77395129657816,-1.67156576601355,2.07168359828653,5.30151274622791,2.20897865634057,1.67225292368695e-11,4.88070230935238
"Albatrossia.pectoralis","binomial","Y1984",-14.2820968786677,4.10230818804451,-22.367185903267,-14.2718969683237,-6.26088044216871,-14.2510643380432,3.37771965967414e-15,4.88070230935238
"Sebastes.brevispinis","pos","cent.log.depth",1.39149065485404,0.32207873098975,0.750076761353655,1.39454656762101,2.01536050153358,1.40060500635702,1.97996644786942e-14,4.88070230935238
"Sebastes.brevispinis","pos","cent.log.depth2",-2.9942432811656,0.413233076536466,-3.79495454127849,-2.99795810808701,-2.17287162876293,-3.00539966885463,2.44460057301289e-13,4.88070230935238
"Sebastes.brevispinis","pos","Y1984",0.959747179651158,0.210704417216905,0.543577746187479,0.960332144670491,1.37234979143706,0.961586618346453,4.57503516899249e-12,4.88070230935238
"Sebastes.brevispinis","binomial","cent.log.depth",1.2174133239545,0.252850465512909,0.731578838744775,1.2137520146212,1.72447639339306,1.20637541607312,1.66533466939251e-12,4.88070230935238
"Sebastes.brevispinis","binomial","cent.log.depth2",-3.59432292495032,0.323505216415745,-4.24894239513839,-3.58750270880951,-2.97756858457687,-3.57371389357257,3.94206401753844e-12,4.88070230935238
"Sebastes.brevispinis","binomial","Y1984",-2.80325038429751,2.70256906472958,-8.26417338686471,-2.84990635276368,2.91845438277043,-2.9098294594507,3.59090165407819e-12,4.88070230935238
"Clupea.pallasi","pos","cent.log.depth",-2.03646675192125,0.233172197941268,-2.49275381763386,-2.03696029646291,-1.57780311541836,-2.03788776347197,6.12601217762128e-14,4.88070230935238
"Clupea.pallasi","pos","cent.log.depth2",-0.270086573755948,0.203895680663607,-0.667073838569062,-0.271279959124726,0.133131477912566,-0.273656997644999,1.11827608184508e-14,4.88070230935238
"Clupea.pallasi","pos","Y1984",-0.893289340982836,0.225493265740007,-1.34530143207168,-0.890247380323361,-0.458967329111802,-0.88470988136113,1.76095090566154e-12,4.88070230935238
"Clupea.pallasi","binomial","cent.log.depth",-0.646211002426284,0.14396026424723,-0.930476708922336,-0.645684950643816,-0.365132804939866,-0.644628937975453,2.00889029136144e-15,4.88070230935238
"Clupea.pallasi","binomial","cent.log.depth2",0.010677941030954,0.117618371330499,-0.221693658033077,0.0111527553001715,0.240211383870219,0.0121178280413798,2.98434972523796e-14,4.88070230935238
"Clupea.pallasi","binomial","Y1984",-5.11358486088706,3.60445816625083,-12.6262942654171,-5.04167295842312,2.00420125795099,-4.91496622069876,2.92045069618979e-10,4.88070230935238
"Lyopsetta.exilis","pos","cent.log.depth",1.12880558685956,0.274052771279566,0.580893267585185,1.13208832938076,1.65814889830098,1.13868230294975,8.77329307541878e-13,4.88070230935238
"Lyopsetta.exilis","pos","cent.log.depth2",-0.555169574581024,0.308287516766823,-1.15201042896287,-0.558144390647344,0.0583649994223518,-0.564089684310351,3.29418104975993e-13,4.88070230935238
"Lyopsetta.exilis","pos","Y1984",-2.57915483505952,0.180869466439456,-2.93875269804988,-2.57778021195399,-2.22741816341136,-2.57501832318267,5.246724161896e-12,4.88070230935238
"Lyopsetta.exilis","binomial","cent.log.depth",6.18193784609716,0.448741168587154,5.3248519884565,6.17354154978652,7.08753298878644,6.15655759907205,2.76110534306236e-12,4.88070230935238
"Lyopsetta.exilis","binomial","cent.log.depth2",-5.57809998873092,0.418826536288912,-6.42538809169099,-5.5693716561886,-4.77925559945684,-5.55171189200561,4.39492945222204e-12,4.88070230935238
"Lyopsetta.exilis","binomial","Y1984",-7.33729327012038,1.80338515524239,-11.0809838877877,-7.29985924299763,-3.76355858224542,-7.22046986948638,5.57018014959643e-12,4.88070230935238
"Lyopsetta.exilis","binomial","Y1987",0.000727714970859926,0.49411209980807,-0.987255405000339,0.00597604135613198,0.959359299851584,0.0168478511012142,1.91809085278696e-11,4.88070230935238
"Lyopsetta.exilis","binomial","Y1990",1.21007695168921,0.501037398986517,0.216985092370898,1.20978909148752,2.20208973517467,1.20865798843511,1.28549886441915e-11,4.88070230935238
"Lyopsetta.exilis","binomial","Y1993",1.95978671410478,0.556411677667389,0.852313598173845,1.95979881052515,3.06401107673214,1.95894987888332,6.20544130446068e-11,4.88070230935238
"Lyopsetta.exilis","binomial","Y1996",1.82698802826608,0.607817199082348,0.620262818696012,1.82532982662434,3.04125848897077,1.82189614125178,8.86857304750104e-11,4.88070230935238
"Lyopsetta.exilis","binomial","Y1999",2.06570145314157,0.654426656020229,0.761685117694593,2.06506094026199,3.37072417945248,2.06323775064622,1.11336045611713e-10,4.88070230935238
"Lyopsetta.exilis","binomial","Y2001",1.95127803529421,0.903489588812892,0.108921349293424,1.97310929033128,3.68232486222177,2.02166861469988,3.04882023245572e-11,4.88070230935238
"Lyopsetta.exilis","binomial","Y2003",2.87052283388748,0.716871464721416,1.45753839718668,2.8635297828036,4.322095257893,2.85044619300423,1.33690273779081e-10,4.88070230935238
"Lyopsetta.exilis","binomial","Y2005",3.12433389863725,0.742055623436827,1.66131732855533,3.116350817494,4.6303220815557,3.10088860260406,1.560708634439e-10,4.88070230935238
"Lyopsetta.exilis","binomial","Y2007",2.81927129147011,0.776530754761232,1.31132059976718,2.80366387378904,4.41538713141267,2.77471248178797,1.7648213960166e-10,4.88070230935238
"Lyopsetta.exilis","binomial","Y2009",3.68263485349168,0.796703447167585,2.16573072428516,3.65630718842057,5.34841874491816,3.60803388899218,2.50970309792603e-10,4.88070230935238
"Lyopsetta.exilis","binomial","Y2011",3.4670951098569,0.827893498512541,1.8886288660777,3.44050436342154,5.19513270023991,3.39095471395502,2.6148912335021e-10,4.88070230935238
"Lyopsetta.exilis","binomial","Y2013",3.79406819808921,0.85241084290875,2.16713060766467,3.76716483197195,5.57223526144549,3.71681540595589,2.8213236623651e-10,4.88070230935238
"Lyopsetta.exilis","binomial","Y2015",3.7026865950399,0.869574889465303,2.05533107520347,3.67002228879949,5.53102479752765,3.60857876161376,3.63022710687683e-10,4.88070230935238
"Oncorhynchus.keta","pos","cent.log.depth",-0.448323334887711,0.108760234990019,-0.66015524914502,-0.448938538742513,-0.233298143596341,-0.450174572773097,3.39060838788822e-13,4.88070230935238
"Oncorhynchus.keta","pos","cent.log.depth2",-0.408481183487658,0.112419651120748,-0.625908737077438,-0.409646201414993,-0.184488149831967,-0.411992413420806,9.45999548521977e-13,4.88070230935238
"Oncorhynchus.keta","pos","Y1984",0.541400306838061,0.0865640960681457,0.370339339459488,0.541718183278396,0.71044476813211,0.542232354717664,1.0349032943818e-11,4.88070230935238
"Oncorhynchus.keta","binomial","cent.log.depth",-0.911105118674411,0.115566278473198,-1.14206043548175,-0.909728673617892,-0.687928207634568,-0.906950209202176,7.19058436420114e-13,4.88070230935238
"Oncorhynchus.keta","binomial","cent.log.depth2",-1.12037882722771,0.145462320149282,-1.41509451695513,-1.11718307306673,-0.843365805096309,-1.11071478405532,5.29420496904287e-12,4.88070230935238
"Oncorhynchus.keta","binomial","Y1984",-3.03323137644709,0.15892499626567,-3.35561260556739,-3.03008493211248,-2.72768107292554,-3.023482130544,1.50683966400378e-11,4.88070230935238
"Platichthys.stellatus","pos","cent.log.depth",-2.74216370442357,0.372337583309962,-3.45199660577776,-2.74975827949693,-1.9886433050328,-2.76511971749892,4.37569881450482e-12,4.88070230935238
"Platichthys.stellatus","pos","cent.log.depth2",-0.877804235562775,0.190525987467128,-1.24256692925869,-0.881043192871114,-0.494213164283711,-0.88757418852304,2.37030180752153e-12,4.88070230935238
"Platichthys.stellatus","pos","Y1984",0.310795756263442,0.223586454608443,-0.125836642744695,0.309587893269407,0.753416364105444,0.307007895809653,8.71961412500916e-13,4.88070230935238
"Platichthys.stellatus","binomial","cent.log.depth",-4.05866213707037,0.417861692183025,-4.90805382460521,-4.04841659967129,-3.26584927344652,-4.02768108560691,6.81108174570446e-12,4.88070230935238
"Platichthys.stellatus","binomial","cent.log.depth2",-0.434951389401399,0.261155740120771,-0.952344223577367,-0.43340870680861,0.0734453782304302,-0.430287860326354,6.10439087962606e-14,4.88070230935238
"Platichthys.stellatus","binomial","Y1984",-6.16375640776488,0.810038939375035,-7.88799629644003,-6.12508775474294,-4.64741867336395,-6.04720441298707,3.74375845247333e-10,4.88070230935238
"Hexagrammos.decagrammus","pos","cent.log.depth",-1.65202859189041,0.330638194706346,-2.28457277528313,-1.65787909945084,-0.985495927510863,-1.66963361095222,2.72880209953957e-12,4.88070230935238
"Hexagrammos.decagrammus","pos","cent.log.depth2",-1.1308968795184,0.217382500162271,-1.54717928320007,-1.13458070439689,-0.693162833405545,-1.14198122795745,2.53267817886131e-12,4.88070230935238
"Hexagrammos.decagrammus","pos","Y1984",-0.756963183290872,0.15143106664729,-1.05682052270617,-0.756469490834562,-0.460061104600135,-0.755354553065407,2.56720899335687e-12,4.88070230935238
"Hexagrammos.decagrammus","binomial","cent.log.depth",-8.27307704691717,0.450847334422678,-9.18281509031043,-8.26440733672944,-7.41173778316501,-8.2469145909302,1.10113846161409e-12,4.88070230935238
"Hexagrammos.decagrammus","binomial","cent.log.depth2",-4.37522620943201,0.315763418127808,-5.0122320583993,-4.36927916098812,-3.77136839691169,-4.35726907642484,2.40514130678992e-12,4.88070230935238
"Hexagrammos.decagrammus","binomial","Y1984",-4.91757234778776,1.5659219643771,-8.07675092599682,-4.94185891859248,-1.58572313963597,-4.96164074143808,1.25295944831127e-11,4.88070230935238
"Limanda.aspera","pos","cent.log.depth",-3.88747168298289,0.499095165165642,-4.84484767803434,-3.89514191022197,-2.88546328161993,-3.9106359779437,4.52832265032199e-13,4.88070230935238
"Limanda.aspera","pos","cent.log.depth2",-1.70897884412856,0.278287505166869,-2.24456567711655,-1.71267622693341,-1.15203870652053,-1.72009639052026,3.22556251198526e-13,4.88070230935238
"Limanda.aspera","pos","Y1984",0.0635596261858807,0.423627387515225,-0.804386407705143,0.0764501244863715,0.864385593129719,0.104901118806493,2.40336567453426e-11,4.88070230935238
"Limanda.aspera","binomial","cent.log.depth",-4.40763888747745,0.393976822265286,-5.20286452471654,-4.40009699521991,-3.65437875805743,-4.38484366116023,3.50767748603116e-12,4.88070230935238
"Limanda.aspera","binomial","cent.log.depth2",-2.27546858285652,0.255721079233742,-2.78790927327582,-2.27192361180798,-1.78296058607062,-2.26476848330508,1.15447956263595e-12,4.88070230935238
"Limanda.aspera","binomial","Y1984",-8.73303290249168,5.24048426071779,-19.0463619306692,-8.7278561958542,1.541854707267,-8.71653490702317,5.83436783494987e-14,4.88070230935238
"Podothecus.accipenserinus","pos","cent.log.depth",-0.172789290361872,0.230612375580546,-0.618737160981845,-0.175160912202199,0.286537893347597,-0.179919951751032,3.05831798716036e-13,4.88070230935238
"Podothecus.accipenserinus","pos","cent.log.depth2",-0.229429608919497,0.166398262645528,-0.551179464031312,-0.231154635382985,0.102062782903869,-0.234613105909159,3.80170354609935e-13,4.88070230935238
"Podothecus.accipenserinus","pos","Y1984",-3.03894072035599,0.170824359335842,-3.37673729088894,-3.03826775344357,-2.7051677152592,-3.03690544507232,4.10897505506788e-12,4.88070230935238
"Podothecus.accipenserinus","binomial","cent.log.depth",-1.23343834915883,0.212250824787444,-1.65831160795659,-1.23067570855357,-0.824134399896257,-1.22510553784824,1.07817603300052e-12,4.88070230935238
"Podothecus.accipenserinus","binomial","cent.log.depth2",-1.04051764556371,0.168956278044713,-1.37997779877486,-1.0378531930747,-0.715976749085917,-1.03247284323581,1.67236169307764e-12,4.88070230935238
"Podothecus.accipenserinus","binomial","Y1984",-4.71694536049836,1.43033318647598,-7.82942046238314,-4.65140706507224,-1.97743345470218,-4.55264307037264,9.72132800582289e-10,4.88070230935238
"Oncorhynchus.tshawytscha","pos","cent.log.depth",-0.718479142888135,0.13170872881632,-0.973166473498471,-0.719910523174628,-0.455714214664962,-0.722801059117716,1.16800308511908e-12,4.88070230935238
"Oncorhynchus.tshawytscha","pos","cent.log.depth2",-0.476031094415157,0.112258682121401,-0.691597641020769,-0.477710162046617,-0.250729249466565,-0.481103859690147,1.85227904437165e-12,4.88070230935238
"Oncorhynchus.tshawytscha","pos","Y1984",0.303137747079733,0.208697055276086,-0.119446343468804,0.307669006099348,0.708859206275448,0.318302486230589,5.13618763367577e-11,4.88070230935238
"Oncorhynchus.tshawytscha","binomial","cent.log.depth",-2.09865015446115,0.152616313120149,-2.40519542678934,-2.09627180029138,-1.80542929470828,-2.09147039321047,1.50624485650944e-12,4.88070230935238
"Oncorhynchus.tshawytscha","binomial","cent.log.depth2",-1.02669600104154,0.138263019876469,-1.30542900436775,-1.02417830211996,-0.761992970808853,-1.01908873391377,2.97640685506661e-12,4.88070230935238
"Oncorhynchus.tshawytscha","binomial","Y1984",-3.30780188770841,0.412533932304915,-4.13052779711869,-3.31287407643118,-2.44950696947335,-3.31812775728923,1.53733023395262e-10,4.88070230935238
"Pleuronectes.quadrituberculatus","pos","cent.log.depth",-1.42511985210135,0.342799191920888,-2.08617203225555,-1.42935789071527,-0.739772566050104,-1.43785691063392,1.05720864482439e-12,4.88070230935238
"Pleuronectes.quadrituberculatus","pos","cent.log.depth2",-0.66905794338606,0.2032199714529,-1.06141029426002,-0.671412342446063,-0.263281777868961,-0.676133966237049,8.79409508029946e-13,4.88070230935238
"Pleuronectes.quadrituberculatus","pos","Y1984",0.144137790174183,0.303336811796769,-0.474386857570738,0.151457096139896,0.723195099862264,0.166375394470086,2.32424823981582e-11,4.88070230935238
"Pleuronectes.quadrituberculatus","binomial","cent.log.depth",-3.08919100119018,0.311717917764168,-3.71674043123545,-3.08382786560109,-2.49158336249988,-3.0729911385779,2.49082629491352e-12,4.88070230935238
"Pleuronectes.quadrituberculatus","binomial","cent.log.depth2",-2.10296494599711,0.219845568816866,-2.54388269286043,-2.09978279232842,-1.67992062263117,-2.09336468705023,1.18069593846131e-12,4.88070230935238
"Pleuronectes.quadrituberculatus","binomial","Y1984",-11.7901524037924,4.34371596183566,-20.739644738907,-11.6393097624348,-3.60007099913883,-11.2845803355576,2.27784329630499e-11,4.88070230935238
"Myctophidae","pos","cent.log.depth",-0.116278740880631,0.0841907702858892,-0.281546197512283,-0.116290657422142,0.0489036299854914,-0.116307435663604,1.22368966192779e-16,4.88070230935238
"Myctophidae","pos","cent.log.depth2",-0.0781463798608041,0.0690939017834375,-0.213746836236299,-0.0781670905105603,0.0574447794548693,-0.0782028267906339,1.24077091882954e-24,4.88070230935238
"Myctophidae","pos","Y1984",-0.201675144248449,0.0897540916884959,-0.377851172795557,-0.201692363755973,-0.0255645852396464,-0.201718968988428,2.15338529276333e-16,4.88070230935238
"Myctophidae","binomial","cent.log.depth",5.25798261294058,0.861813435313072,3.69363072752482,5.21088381559437,7.08124780399394,5.11295494439801,1.97624779401931e-11,4.88070230935238
"Myctophidae","binomial","cent.log.depth2",0.0979691761533689,0.529031989052189,-0.996396231036559,0.117385081804176,1.08314513056769,0.156968084139142,1.37286225802627e-11,4.88070230935238
"Myctophidae","binomial","Y1984",-8.39037728032411,0.885280184810472,-10.2727495392383,-8.35192044045547,-6.7245172967535,-8.27986447404573,3.97704320956202e-10,4.88070230935238
"Sebastes.proriger","pos","cent.log.depth",1.66785447978037,0.662502398043942,0.338946766808974,1.67707445112599,2.94470273298016,1.69534848761787,1.32318341310629e-12,4.88070230935238
"Sebastes.proriger","pos","cent.log.depth2",-6.31730184555591,1.08875022189649,-8.43772678015444,-6.32379082595608,-4.16241299794614,-6.33633107665024,2.24783806244311e-14,4.88070230935238
"Sebastes.proriger","pos","Y1984",1.62061154702581,0.406520435477856,0.831341900712735,1.61631405687918,2.43443731333825,1.60804962986531,4.31838596641122e-12,4.88070230935238
"Sebastes.proriger","binomial","cent.log.depth",-0.178859800003723,0.41033196731626,-0.96634558115221,-0.185118995042644,0.645071502482564,-0.197718419970267,1.17280066103308e-12,4.88070230935238
"Sebastes.proriger","binomial","cent.log.depth2",-4.05904227650196,0.566842065995982,-5.22144394120245,-4.04165475924856,-2.9933831231002,-4.00642697713198,1.10127518012743e-11,4.88070230935238
"Sebastes.proriger","binomial","Y1984",-3.52689345929839,3.03977107206126,-9.55298598046901,-3.66611190881821,3.39073816390019,-3.79992365135157,1.73519953010097e-10,4.88070230935238
"Dusky.and.Dark.Rockfish","pos","cent.log.depth",-1.07349292551863,0.15158141824255,-1.37186488582904,-1.0732357753697,-0.776803812654498,-1.07269368333522,9.66380797725385e-15,4.88070230935238
"Dusky.and.Dark.Rockfish","pos","cent.log.depth2",-2.08997889308199,0.215701950314044,-2.50810523254163,-2.09185861443199,-1.66143779774946,-2.09562582035504,2.43389755045347e-13,4.88070230935238
"Dusky.and.Dark.Rockfish","pos","Y1984",1.78136224961672,0.129121950390948,1.52487293379582,1.78220940412556,2.03285999519047,1.78388171028341,2.06429481758237e-12,4.88070230935238
"Dusky.and.Dark.Rockfish","binomial","cent.log.depth",-0.150557475635158,0.0966385075254844,-0.339930984399564,-0.15068709323395,0.0393631764226119,-0.150936041538016,1.48600338817535e-15,4.88070230935238
"Dusky.and.Dark.Rockfish","binomial","cent.log.depth2",-2.54508847331837,0.143196412577903,-2.83162472392116,-2.54324987980156,-2.26891666013257,-2.53953868228384,8.77124220298329e-13,4.88070230935238
"Dusky.and.Dark.Rockfish","binomial","Y1984",-1.04086036671953,3.00870642377969,-7.12425180627886,-1.09588768713434,5.35474222525063,-1.16981166019405,2.5494595698731e-11,4.88070230935238
"Rougheye.and.Blackspotted.Rockfish","pos","cent.log.depth",2.60782835027494,0.140997039259271,2.32739090019706,2.60903272383002,2.88136586825314,2.6114610510039,2.568905445952e-13,4.88070230935238
"Rougheye.and.Blackspotted.Rockfish","pos","cent.log.depth2",0.394836815390617,0.155104504112806,0.0933580779831663,0.393763868510787,0.702074224606844,0.391620448439386,9.60474079104489e-14,4.88070230935238
"Rougheye.and.Blackspotted.Rockfish","pos","Y1984",-0.285584278696289,0.110713452050172,-0.50554878083023,-0.28497958231102,-0.0691468646252538,-0.28372566318372,2.21739378714777e-12,4.88070230935238
"Rougheye.and.Blackspotted.Rockfish","binomial","cent.log.depth",6.52968857454122,0.198929245306211,6.14489230265891,6.52772071761853,6.92555601994196,6.52377688118965,2.24441415423233e-13,4.88070230935238
"Rougheye.and.Blackspotted.Rockfish","binomial","cent.log.depth2",-3.30066950072084,0.155021612604342,-3.60766307590997,-3.29978458960041,-2.99884490723828,-3.29799407375438,0,4.88070230935238
"Rougheye.and.Blackspotted.Rockfish","binomial","Y1984",-1.86363509856341,0.913247732843038,-3.80209677563845,-1.83740505682705,-0.0816564183239972,-1.79838534441181,5.66377089972631e-10,4.88070230935238
