area,Mean.totalDensity,Median.totalDensity,SD.totalDensity,lower95,upper95,year.numb,year,N.obs.Area,Species
Total,2.67E-07,9.01E-08,6.73E-07,7.40E-09,1.58E-06,1,1984,10443,Albatrossia.pectoralis
Total,5.85E-07,1.83E-07,1.67E-06,1.28E-08,3.56E-06,2,1987,10443,Albatrossia.pectoralis
Total,4.26E-07,1.35E-07,1.22E-06,1.03E-08,2.67E-06,3,1990,10443,Albatrossia.pectoralis
Total,1.33E-06,4.61E-07,3.62E-06,3.20E-08,7.42E-06,4,1993,10443,Albatrossia.pectoralis
Total,1.28E-06,4.25E-07,3.86E-06,3.07E-08,6.78E-06,5,1996,10443,Albatrossia.pectoralis
Total,1.38E-05,5.37E-06,3.87E-05,3.96E-07,7.08E-05,6,1999,10443,Albatrossia.pectoralis
Total,9.44E-06,2.91E-06,4.75E-05,2.26E-07,4.69E-05,7,2001,10443,Albatrossia.pectoralis
Total,1.32E-05,4.16E-06,8.33E-05,3.10E-07,6.51E-05,8,2003,10443,Albatrossia.pectoralis
Total,1.22E-05,4.98E-06,2.69E-05,4.23E-07,6.58E-05,9,2005,10443,Albatrossia.pectoralis
Total,1.84E-06,6.57E-07,5.61E-06,4.89E-08,9.14E-06,10,2007,10443,Albatrossia.pectoralis
Total,6.41E-06,2.33E-06,2.10E-05,1.78E-07,3.37E-05,11,2009,10443,Albatrossia.pectoralis
Total,7.91E-06,3.00E-06,1.83E-05,2.07E-07,4.58E-05,12,2011,10443,Albatrossia.pectoralis
Total,6.20E-06,2.22E-06,1.79E-05,1.86E-07,3.05E-05,13,2013,10443,Albatrossia.pectoralis
Total,5.07E-06,1.73E-06,2.21E-05,1.10E-07,2.76E-05,14,2015,10443,Albatrossia.pectoralis
Total,3.234264821,3.185554867,0.473771125,2.435488509,4.320003971,1,1984,10443,Anoplopoma.fimbria
Total,4.074468449,4.040341188,0.574575656,3.083569189,5.326932669,2,1987,10443,Anoplopoma.fimbria
Total,3.932072955,3.855619185,0.696701336,2.813496063,5.469731761,3,1990,10443,Anoplopoma.fimbria
Total,6.714169583,6.56463454,1.219597338,4.663285292,9.59326486,4,1993,10443,Anoplopoma.fimbria
Total,1.932002599,1.905397435,0.351101744,1.333688206,2.737084931,5,1996,10443,Anoplopoma.fimbria
Total,2.045884014,1.934497845,0.670943995,1.088414287,3.661466836,6,1999,10443,Anoplopoma.fimbria
Total,2.497527353,2.274038365,1.124205367,0.979069108,5.264329523,7,2001,10443,Anoplopoma.fimbria
Total,1.401052859,1.310125747,0.536349555,0.614270492,2.654428446,8,2003,10443,Anoplopoma.fimbria
Total,2.452329641,2.317951921,0.869299223,1.173026318,4.417556367,9,2005,10443,Anoplopoma.fimbria
Total,1.704581316,1.653380415,0.486939119,0.98218856,2.782510006,10,2007,10443,Anoplopoma.fimbria
Total,0.795976866,0.776864494,0.174463673,0.50153358,1.186341442,11,2009,10443,Anoplopoma.fimbria
Total,0.485333818,0.477048984,0.086231626,0.344829287,0.688937026,12,2011,10443,Anoplopoma.fimbria
Total,0.234657886,0.226998521,0.063255468,0.137009863,0.380801133,13,2013,10443,Anoplopoma.fimbria
Total,0.509364422,0.496127971,0.094906619,0.354620832,0.724789594,14,2015,10443,Anoplopoma.fimbria
Total,47.02833248,46.82659914,4.310632749,39.16247976,56.10429583,1,1984,10443,Atheresthes.stomias
Total,45.19619489,44.97852944,4.145671501,37.66890378,54.00367761,2,1987,10443,Atheresthes.stomias
Total,84.41046973,83.91937259,7.276131176,71.25039144,99.2296882,3,1990,10443,Atheresthes.stomias
Total,74.03057923,73.93835604,5.851588378,63.13429167,85.94108386,4,1993,10443,Atheresthes.stomias
Total,62.78377164,62.46506551,5.138660703,53.10935546,72.74365592,5,1996,10443,Atheresthes.stomias
Total,62.07376343,60.71299675,12.42603047,40.80384588,90.42457307,6,1999,10443,Atheresthes.stomias
Total,76.44133319,74.88245854,16.15858793,49.38902513,112.2333873,7,2001,10443,Atheresthes.stomias
Total,82.73553233,80.31881057,15.90969478,56.27478617,120.1587669,8,2003,10443,Atheresthes.stomias
Total,66.03756378,64.88215325,12.74708834,45.31132341,94.11139415,9,2005,10443,Atheresthes.stomias
Total,92.52769435,90.98726082,16.58591841,64.97718391,128.2460943,10,2007,10443,Atheresthes.stomias
Total,69.28098917,69.11244192,5.788383524,58.78024323,81.10495402,11,2009,10443,Atheresthes.stomias
Total,63.35580238,62.93617104,5.985546855,52.42492214,76.51472764,12,2011,10443,Atheresthes.stomias
Total,53.66205167,53.35294048,5.75818975,43.74423445,65.78469519,13,2013,10443,Atheresthes.stomias
Total,50.61229083,50.45274611,4.754108339,42.20159661,61.02597096,14,2015,10443,Atheresthes.stomias
Total,0.052616199,0.051732695,0.008492208,0.036986089,0.070214678,1,1984,10443,Bathymaster.signatus
Total,0.05577543,0.055302066,0.008725237,0.039996758,0.073918973,2,1987,10443,Bathymaster.signatus
Total,0.09043745,0.089284417,0.012722234,0.06824575,0.118527127,3,1990,10443,Bathymaster.signatus
Total,0.058292397,0.057852425,0.009000713,0.042636149,0.078200867,4,1993,10443,Bathymaster.signatus
Total,0.073389665,0.071908751,0.0108932,0.05485465,0.097444913,5,1996,10443,Bathymaster.signatus
Total,0.080035289,0.078895046,0.012175002,0.059911742,0.108655701,6,1999,10443,Bathymaster.signatus
Total,0.061024016,0.059534002,0.011492984,0.043577793,0.087406021,7,2001,10443,Bathymaster.signatus
Total,0.049949058,0.049154525,0.009102052,0.033588753,0.06990751,8,2003,10443,Bathymaster.signatus
Total,0.047659601,0.046651861,0.008615365,0.033145754,0.066404938,9,2005,10443,Bathymaster.signatus
Total,0.060000327,0.059070041,0.009804535,0.043516865,0.082032992,10,2007,10443,Bathymaster.signatus
Total,0.05922301,0.057967064,0.010103122,0.042318508,0.080988238,11,2009,10443,Bathymaster.signatus
Total,0.03394237,0.03317132,0.00661024,0.023342087,0.04913366,12,2011,10443,Bathymaster.signatus
Total,0.03901297,0.038191127,0.00841731,0.025572286,0.058162056,13,2013,10443,Bathymaster.signatus
Total,0.033569344,0.032529273,0.007636438,0.021054917,0.050883761,14,2015,10443,Bathymaster.signatus
Total,0.093040118,0.088951222,0.027000682,0.052177281,0.155251443,1,1984,10443,Bathyraja.aleutica
Total,0.076176611,0.072507487,0.02386105,0.040416579,0.131850786,2,1987,10443,Bathyraja.aleutica
Total,0.06477018,0.061482591,0.022458041,0.031108858,0.119511539,3,1990,10443,Bathyraja.aleutica
Total,0.010212422,0.008472809,0.006760083,0.002334552,0.026680215,4,1993,10443,Bathyraja.aleutica
Total,0.12270876,0.119057272,0.033786305,0.07134667,0.204679016,5,1996,10443,Bathyraja.aleutica
Total,0.267471122,0.258801086,0.061149739,0.166384757,0.40138823,6,1999,10443,Bathyraja.aleutica
Total,0.282212502,0.267670465,0.116011923,0.104994078,0.550787025,7,2001,10443,Bathyraja.aleutica
Total,0.340951853,0.322592358,0.132399025,0.136839473,0.636381639,8,2003,10443,Bathyraja.aleutica
Total,0.321267005,0.298567483,0.129427238,0.145153149,0.642337385,9,2005,10443,Bathyraja.aleutica
Total,0.633880835,0.598014799,0.215112595,0.326927361,1.138798879,10,2007,10443,Bathyraja.aleutica
Total,0.489997759,0.467051538,0.157520102,0.239456135,0.842519938,11,2009,10443,Bathyraja.aleutica
Total,0.475124142,0.468478159,0.088602481,0.325097031,0.670596725,12,2011,10443,Bathyraja.aleutica
Total,0.46512509,0.455408508,0.094239931,0.311803941,0.681562585,13,2013,10443,Bathyraja.aleutica
Total,0.535578859,0.527267331,0.097283383,0.368361178,0.737553521,14,2015,10443,Bathyraja.aleutica
Total,0.019428354,0.018623142,0.006332234,0.009446116,0.034198101,1,1984,10443,Bathyraja.interrupta
Total,0.019738706,0.019158744,0.00469963,0.012176664,0.030120149,2,1987,10443,Bathyraja.interrupta
Total,0.067904488,0.066560689,0.013822319,0.044328819,0.096567799,3,1990,10443,Bathyraja.interrupta
Total,0.012059822,0.011172022,0.004678223,0.005412243,0.022897118,4,1993,10443,Bathyraja.interrupta
Total,0.081700883,0.080450594,0.015365273,0.055691507,0.11551032,5,1996,10443,Bathyraja.interrupta
Total,0.097350742,0.094467584,0.022604502,0.061427585,0.148303712,6,1999,10443,Bathyraja.interrupta
Total,0.101808014,0.098715112,0.027959121,0.059938899,0.160985143,7,2001,10443,Bathyraja.interrupta
Total,0.119102599,0.116420153,0.026441876,0.075263671,0.182491785,8,2003,10443,Bathyraja.interrupta
Total,0.101216531,0.098734872,0.022147449,0.064453543,0.151236046,9,2005,10443,Bathyraja.interrupta
Total,0.118158986,0.116010298,0.025452688,0.07585446,0.17337756,10,2007,10443,Bathyraja.interrupta
Total,0.1155839,0.113995456,0.019185989,0.083941889,0.157146194,11,2009,10443,Bathyraja.interrupta
Total,0.100705959,0.098856814,0.018704073,0.070348686,0.143305857,12,2011,10443,Bathyraja.interrupta
Total,0.118276913,0.116389145,0.022103944,0.079482522,0.165492638,13,2013,10443,Bathyraja.interrupta
Total,0.070440691,0.068865147,0.01455342,0.046903766,0.103878175,14,2015,10443,Bathyraja.interrupta
Total,0.144744009,0.138159075,0.038888403,0.091389263,0.235860333,1,1984,10443,Chionoecetes.bairdi
Total,0.016326717,0.015292171,0.005695264,0.008824147,0.030359547,2,1987,10443,Chionoecetes.bairdi
Total,0.010884512,0.01007798,0.004141908,0.005236828,0.021593224,3,1990,10443,Chionoecetes.bairdi
Total,0.029159273,0.026887281,0.011401951,0.014142583,0.059016834,4,1993,10443,Chionoecetes.bairdi
Total,0.015174681,0.014787673,0.003717391,0.009224492,0.024053261,5,1996,10443,Chionoecetes.bairdi
Total,0.014963868,0.0143475,0.004099861,0.008625122,0.025157357,6,1999,10443,Chionoecetes.bairdi
Total,0.027216493,0.025104044,0.015866469,0.003717927,0.061707038,7,2001,10443,Chionoecetes.bairdi
Total,0.072062253,0.069071802,0.042142526,0.007241802,0.1665543,8,2003,10443,Chionoecetes.bairdi
Total,0.08200665,0.078522732,0.04086695,0.017254576,0.164597095,9,2005,10443,Chionoecetes.bairdi
Total,0.049742843,0.045783484,0.027350641,0.010620967,0.11098555,10,2007,10443,Chionoecetes.bairdi
Total,0.08631407,0.077208797,0.051617103,0.013983547,0.20011155,11,2009,10443,Chionoecetes.bairdi
Total,0.051506281,0.050113256,0.012581727,0.031947898,0.080706927,12,2011,10443,Chionoecetes.bairdi
Total,0.070585765,0.067754152,0.018634224,0.043077193,0.111908222,13,2013,10443,Chionoecetes.bairdi
Total,0.040804361,0.038188212,0.013874945,0.022050749,0.074216216,14,2015,10443,Chionoecetes.bairdi
Total,1.545464088,1.186817292,1.333768021,0.364862864,4.938621057,1,1984,10443,Clupea.pallasi
Total,0.125290866,0.102507334,0.091523338,0.041309979,0.353327775,2,1987,10443,Clupea.pallasi
Total,0.195315493,0.172606845,0.101220417,0.077723778,0.439615938,3,1990,10443,Clupea.pallasi
Total,0.156267793,0.146464564,0.059189808,0.076218833,0.300591464,4,1993,10443,Clupea.pallasi
Total,0.057233676,0.047586461,0.055896926,0.016792589,0.159597816,5,1996,10443,Clupea.pallasi
Total,0.071252121,0.050507376,0.070735194,0.01387341,0.27567952,6,1999,10443,Clupea.pallasi
Total,0.66379007,0.36527629,1.026291504,0.074587631,3.070575996,7,2001,10443,Clupea.pallasi
Total,0.79648342,0.622059099,0.630972726,0.264271386,2.315647734,8,2003,10443,Clupea.pallasi
Total,0.063290939,0.053761375,0.060695734,0.019742718,0.154444723,9,2005,10443,Clupea.pallasi
Total,0.106259698,0.084185046,0.077579569,0.029965521,0.307766667,10,2007,10443,Clupea.pallasi
Total,0.101996713,0.076988497,0.100300062,0.019120671,0.348920777,11,2009,10443,Clupea.pallasi
Total,0.347380962,0.301188143,0.183577169,0.1179031,0.798563845,12,2011,10443,Clupea.pallasi
Total,0.710303922,0.487541801,0.737203224,0.134285005,2.599693161,13,2013,10443,Clupea.pallasi
Total,3.44233338,3.189225805,1.312842749,1.623080601,6.667129555,14,2015,10443,Clupea.pallasi
Total,0.009268428,0.008900779,0.002489217,0.005534899,0.015091689,1,1984,10443,Dasycottus.setiger
Total,0.00429991,0.004153279,0.001074425,0.002543969,0.006684988,2,1987,10443,Dasycottus.setiger
Total,0.003632482,0.00348415,0.000994385,0.002128054,0.005787734,3,1990,10443,Dasycottus.setiger
Total,0.007599149,0.007460766,0.001389342,0.005291204,0.010762834,4,1993,10443,Dasycottus.setiger
Total,0.006307562,0.00624065,0.001076494,0.004391851,0.00846525,5,1996,10443,Dasycottus.setiger
Total,0.006323387,0.006180493,0.001432109,0.003973467,0.009593927,6,1999,10443,Dasycottus.setiger
Total,0.013010639,0.012792639,0.00265866,0.008726564,0.018656269,7,2001,10443,Dasycottus.setiger
Total,0.012041885,0.011846935,0.002149315,0.008368028,0.016459482,8,2003,10443,Dasycottus.setiger
Total,0.010757277,0.010534152,0.002144832,0.00729045,0.015623632,9,2005,10443,Dasycottus.setiger
Total,0.012921219,0.012514597,0.002891883,0.008316952,0.019197765,10,2007,10443,Dasycottus.setiger
Total,0.012513839,0.012245844,0.002751398,0.008210662,0.01904388,11,2009,10443,Dasycottus.setiger
Total,0.011593494,0.010982605,0.003410542,0.006500338,0.019951489,12,2011,10443,Dasycottus.setiger
Total,0.017195181,0.016518158,0.004645325,0.010138411,0.029101107,13,2013,10443,Dasycottus.setiger
Total,0.015218176,0.014795329,0.0036156,0.009460209,0.023818903,14,2015,10443,Dasycottus.setiger
Total,0.665092533,0.63187863,0.201621167,0.389453914,1.152885489,1,1984,10443,Dusky.and.Dark.Rockfish
Total,2.658391448,2.563808774,0.610403265,1.72075467,4.06591141,2,1987,10443,Dusky.and.Dark.Rockfish
Total,1.231443683,1.159368149,0.404006274,0.670022145,2.195867835,3,1990,10443,Dusky.and.Dark.Rockfish
Total,1.845622108,1.744340218,0.567573459,1.091849996,3.158924507,4,1993,10443,Dusky.and.Dark.Rockfish
Total,9.443740287,7.709616063,5.96798752,3.433136447,25.360294,5,1996,10443,Dusky.and.Dark.Rockfish
Total,4.82092167,3.875367483,3.538427316,1.715107884,14.75389423,6,1999,10443,Dusky.and.Dark.Rockfish
Total,3.599518375,3.184554436,1.880145021,1.664053557,7.827699206,7,2001,10443,Dusky.and.Dark.Rockfish
Total,3.1241932,2.940709849,1.132870691,1.620199055,5.880575013,8,2003,10443,Dusky.and.Dark.Rockfish
Total,3.465166381,3.350300618,0.876431978,2.165725276,5.49392947,9,2005,10443,Dusky.and.Dark.Rockfish
Total,6.815341685,6.226953812,2.868629159,3.220740013,14.71992859,10,2007,10443,Dusky.and.Dark.Rockfish
Total,5.686407781,5.209286347,2.362026164,2.868032175,11.03613479,11,2009,10443,Dusky.and.Dark.Rockfish
Total,5.959447718,5.504272276,2.441081088,2.973532653,11.56211364,12,2011,10443,Dusky.and.Dark.Rockfish
Total,3.948105323,3.724329632,1.586818758,2.430016986,6.362625664,13,2013,10443,Dusky.and.Dark.Rockfish
Total,2.90117495,2.661955497,1.198799931,1.596833804,5.380607404,14,2015,10443,Dusky.and.Dark.Rockfish
Total,28.44695754,26.61187494,8.746744338,16.36521654,51.2611669,1,1984,10443,Gadus.chalcogrammus
Total,31.35526805,27.99272198,13.55006895,16.20387126,64.98529121,2,1987,10443,Gadus.chalcogrammus
Total,26.00133232,25.33429739,5.023014771,18.40857666,37.57424776,3,1990,10443,Gadus.chalcogrammus
Total,11.48481546,11.18897876,2.010342982,8.304795902,16.0926425,4,1993,10443,Gadus.chalcogrammus
Total,21.02878623,20.58741202,4.308747861,14.14730648,31.23022315,5,1996,10443,Gadus.chalcogrammus
Total,7.202064066,6.795598916,1.976005257,4.629535282,12.05751293,6,1999,10443,Gadus.chalcogrammus
Total,6.996315397,6.803234941,1.583264379,4.528073913,10.78660632,7,2001,10443,Gadus.chalcogrammus
Total,5.392728037,5.247535158,1.120789644,3.720273922,8.045163424,8,2003,10443,Gadus.chalcogrammus
Total,5.227809812,5.109197564,0.932021175,3.753655242,7.271149077,9,2005,10443,Gadus.chalcogrammus
Total,4.951849477,4.859370796,0.924899263,3.486975383,7.11992561,10,2007,10443,Gadus.chalcogrammus
Total,18.51830969,18.2047216,2.937179243,13.61030618,25.27099064,11,2009,10443,Gadus.chalcogrammus
Total,13.58338719,13.28380041,2.081489848,10.13493245,18.23313907,12,2011,10443,Gadus.chalcogrammus
Total,21.60170214,21.04529276,4.061713327,15.2127265,31.27899048,13,2013,10443,Gadus.chalcogrammus
Total,11.9920604,11.77334463,1.963689937,8.649365336,16.36096088,14,2015,10443,Gadus.chalcogrammus
Total,29.06440292,28.4867781,3.895646671,22.72250463,37.79158458,1,1984,10443,Gadus.macrocephalus
Total,24.80639149,24.58645424,2.579045264,20.38078191,30.24686069,2,1987,10443,Gadus.macrocephalus
Total,20.85680227,20.70724222,2.266475691,16.95586346,25.66561254,3,1990,10443,Gadus.macrocephalus
Total,20.23555629,20.02625708,2.284513802,16.29244458,25.11556398,4,1993,10443,Gadus.macrocephalus
Total,24.15200219,23.8175347,3.404875534,18.64656,31.59855279,5,1996,10443,Gadus.macrocephalus
Total,11.37094121,11.3046803,1.564977017,8.607515575,14.57134957,6,1999,10443,Gadus.macrocephalus
Total,9.814195907,9.683224351,1.347683336,7.551439663,12.74503188,7,2001,10443,Gadus.macrocephalus
Total,14.71188077,14.46712032,1.953715718,11.5694512,19.18914655,8,2003,10443,Gadus.macrocephalus
Total,9.11559767,9.02472899,1.047060089,7.296752694,11.42571688,9,2005,10443,Gadus.macrocephalus
Total,9.373235884,9.313336977,1.21855002,7.161966778,11.90943216,10,2007,10443,Gadus.macrocephalus
Total,35.52239454,35.00572631,4.764844734,27.69147468,45.80523254,11,2009,10443,Gadus.macrocephalus
Total,22.00394783,21.68632581,2.908403186,17.18290548,28.65877619,12,2011,10443,Gadus.macrocephalus
Total,18.94106952,18.6874501,2.293025351,14.98507305,24.01780767,13,2013,10443,Gadus.macrocephalus
Total,14.08115072,13.91916828,2.013507871,10.71471348,18.52920331,14,2015,10443,Gadus.macrocephalus
Total,2.152907172,2.137619397,0.239196363,1.71980651,2.700256513,1,1984,10443,Glyptocephalus.zachirus
Total,2.531992371,2.516497655,0.239444235,2.096523401,3.05258077,2,1987,10443,Glyptocephalus.zachirus
Total,4.008843949,3.987516109,0.385733735,3.327159957,4.793649723,3,1990,10443,Glyptocephalus.zachirus
Total,3.923235916,3.912695885,0.34707483,3.285322973,4.70422759,4,1993,10443,Glyptocephalus.zachirus
Total,2.531020541,2.51831116,0.233205652,2.106540874,3.00932051,5,1996,10443,Glyptocephalus.zachirus
Total,2.243861964,2.239079641,0.208777632,1.868768798,2.668398666,6,1999,10443,Glyptocephalus.zachirus
Total,2.49052988,2.482207841,0.32860019,1.877644117,3.180541832,7,2001,10443,Glyptocephalus.zachirus
Total,2.968029944,2.962023065,0.365086874,2.268817512,3.694922956,8,2003,10443,Glyptocephalus.zachirus
Total,2.899791729,2.901491667,0.362222466,2.232366399,3.675837752,9,2005,10443,Glyptocephalus.zachirus
Total,3.794960428,3.783469554,0.420678516,3.014715836,4.662223028,10,2007,10443,Glyptocephalus.zachirus
Total,4.016664287,4.007352303,0.441732796,3.161319854,4.96832488,11,2009,10443,Glyptocephalus.zachirus
Total,3.402481415,3.38112262,0.337487969,2.778451048,4.107445924,12,2011,10443,Glyptocephalus.zachirus
Total,3.394732267,3.373609135,0.358977326,2.735193851,4.148476884,13,2013,10443,Glyptocephalus.zachirus
Total,3.357235992,3.3371793,0.348578126,2.724939931,4.095862275,14,2015,10443,Glyptocephalus.zachirus
Total,0.556691516,0.551095516,0.088239764,0.406713016,0.747287528,1,1984,10443,Hemilepidotus.jordani
Total,0.38805897,0.386092361,0.053902108,0.293860555,0.49707612,2,1987,10443,Hemilepidotus.jordani
Total,0.26722587,0.262843518,0.047270129,0.190724274,0.378013556,3,1990,10443,Hemilepidotus.jordani
Total,0.168582572,0.164436406,0.036095692,0.110601556,0.252301949,4,1993,10443,Hemilepidotus.jordani
Total,0.277624426,0.269962593,0.063636554,0.178968585,0.424979009,5,1996,10443,Hemilepidotus.jordani
Total,0.258641901,0.249258559,0.061510819,0.165016163,0.400095961,6,1999,10443,Hemilepidotus.jordani
Total,0.150043954,0.142700759,0.041834767,0.092340775,0.257058705,7,2001,10443,Hemilepidotus.jordani
Total,0.16280978,0.15745277,0.040312982,0.099338256,0.252084109,8,2003,10443,Hemilepidotus.jordani
Total,0.25016308,0.242685006,0.056957342,0.166802088,0.376843442,9,2005,10443,Hemilepidotus.jordani
Total,0.180656401,0.177289212,0.040495885,0.115853198,0.268716043,10,2007,10443,Hemilepidotus.jordani
Total,0.220317814,0.215041163,0.038448219,0.154180214,0.306012277,11,2009,10443,Hemilepidotus.jordani
Total,0.211771804,0.208344066,0.04174757,0.139703529,0.305474891,12,2011,10443,Hemilepidotus.jordani
Total,0.278855989,0.27411427,0.055721688,0.188249029,0.417456531,13,2013,10443,Hemilepidotus.jordani
Total,0.21572308,0.210730589,0.046518152,0.140581498,0.320815626,14,2015,10443,Hemilepidotus.jordani
Total,0.349876417,0.346452823,0.051252576,0.260076713,0.463014655,1,1984,10443,Hemitripterus.bolini
Total,0.273494075,0.271449812,0.039070446,0.201455361,0.354190939,2,1987,10443,Hemitripterus.bolini
Total,0.168148417,0.166437687,0.025578045,0.123658891,0.22183675,3,1990,10443,Hemitripterus.bolini
Total,0.133433808,0.131885587,0.021996773,0.094684941,0.181116419,4,1993,10443,Hemitripterus.bolini
Total,0.094536165,0.092869931,0.01952731,0.062340231,0.138826077,5,1996,10443,Hemitripterus.bolini
Total,0.090195403,0.088161992,0.020472589,0.05818997,0.137650324,6,1999,10443,Hemitripterus.bolini
Total,0.117302798,0.114609098,0.024696049,0.076026407,0.174384006,7,2001,10443,Hemitripterus.bolini
Total,0.133492308,0.131684262,0.025782345,0.09172342,0.190269878,8,2003,10443,Hemitripterus.bolini
Total,0.118928682,0.117064078,0.023549242,0.081242538,0.17422686,9,2005,10443,Hemitripterus.bolini
Total,0.07964558,0.078260344,0.017527937,0.050211382,0.117516475,10,2007,10443,Hemitripterus.bolini
Total,0.096401685,0.094458495,0.019892666,0.062705832,0.140794815,11,2009,10443,Hemitripterus.bolini
Total,0.118073919,0.113762734,0.025430367,0.076699944,0.174788173,12,2011,10443,Hemitripterus.bolini
Total,0.123194567,0.119675052,0.027605237,0.078279058,0.186360062,13,2013,10443,Hemitripterus.bolini
Total,0.114413751,0.111447455,0.025640922,0.073285549,0.172216238,14,2015,10443,Hemitripterus.bolini
Total,0.065791958,0.064175251,0.015127075,0.041891367,0.100372743,1,1984,10443,Hexagrammos.decagrammus
Total,0.088277304,0.086492078,0.018400977,0.057561282,0.128296365,2,1987,10443,Hexagrammos.decagrammus
Total,0.150447767,0.146451754,0.032487296,0.097575046,0.223710149,3,1990,10443,Hexagrammos.decagrammus
Total,0.110009023,0.106385971,0.024614605,0.070689489,0.171904997,4,1993,10443,Hexagrammos.decagrammus
Total,0.08262932,0.079915676,0.020380542,0.049222296,0.131123374,5,1996,10443,Hexagrammos.decagrammus
Total,0.078793571,0.076395335,0.017689132,0.051757945,0.117985303,6,1999,10443,Hexagrammos.decagrammus
Total,0.074490302,0.072336878,0.016880064,0.047608171,0.112244143,7,2001,10443,Hexagrammos.decagrammus
Total,0.064075891,0.062495898,0.015833323,0.039530687,0.101213444,8,2003,10443,Hexagrammos.decagrammus
Total,0.076566479,0.074484145,0.018111771,0.046789285,0.11576458,9,2005,10443,Hexagrammos.decagrammus
Total,0.06861703,0.066236042,0.016739665,0.04192968,0.105300096,10,2007,10443,Hexagrammos.decagrammus
Total,0.059517863,0.057678667,0.014399811,0.036784226,0.092878595,11,2009,10443,Hexagrammos.decagrammus
Total,0.047837335,0.045631103,0.013666781,0.028112309,0.08125057,12,2011,10443,Hexagrammos.decagrammus
Total,0.042927881,0.040816406,0.013250284,0.023052734,0.073940179,13,2013,10443,Hexagrammos.decagrammus
Total,0.038140639,0.035492412,0.01452652,0.018842282,0.074980976,14,2015,10443,Hexagrammos.decagrammus
Total,9.729966954,9.649321561,1.119918522,7.763579796,12.07972537,1,1984,10443,Hippoglossoides.elassodon
Total,7.273313019,7.205550743,0.820375047,5.833357266,9.017131326,2,1987,10443,Hippoglossoides.elassodon
Total,7.120909366,7.088387244,0.66347497,5.858449481,8.52435441,3,1990,10443,Hippoglossoides.elassodon
Total,4.835038352,4.809178313,0.487271029,3.9753942,5.885409612,4,1993,10443,Hippoglossoides.elassodon
Total,4.918491886,4.875256755,0.474921369,4.071000507,5.936787469,5,1996,10443,Hippoglossoides.elassodon
Total,4.077002757,4.060045989,0.440156051,3.315267749,5.053019635,6,1999,10443,Hippoglossoides.elassodon
Total,3.988785323,3.954214078,0.521843517,3.08342248,5.170698365,7,2001,10443,Hippoglossoides.elassodon
Total,6.459971368,6.432401167,0.64784225,5.277378068,7.823031472,8,2003,10443,Hippoglossoides.elassodon
Total,6.233347754,6.218189178,0.604069807,5.116520069,7.52258316,9,2005,10443,Hippoglossoides.elassodon
Total,7.566054606,7.521147382,0.761006404,6.199508427,9.130539207,10,2007,10443,Hippoglossoides.elassodon
Total,7.288063915,7.261713031,0.717416074,6.010555921,8.829590267,11,2009,10443,Hippoglossoides.elassodon
Total,7.984721384,7.908009123,0.968981628,6.273233739,10.03605031,12,2011,10443,Hippoglossoides.elassodon
Total,7.555914798,7.496874705,0.899353261,6.01339571,9.613045254,13,2013,10443,Hippoglossoides.elassodon
Total,7.251346726,7.180252832,0.867978805,5.734945613,9.155525891,14,2015,10443,Hippoglossoides.elassodon
Total,26.21825729,26.22362871,2.012608613,22.55815066,30.21752114,1,1984,10443,Hippoglossus.stenolepis
Total,27.44758634,27.26578552,2.155771501,23.33936505,31.95066329,2,1987,10443,Hippoglossus.stenolepis
Total,19.73838086,19.59290222,1.606575194,16.73791433,22.98806927,3,1990,10443,Hippoglossus.stenolepis
Total,26.28625088,26.29323914,1.880181432,22.68914565,30.14070921,4,1993,10443,Hippoglossus.stenolepis
Total,22.57087644,22.40781391,1.774587646,19.52019724,26.32265377,5,1996,10443,Hippoglossus.stenolepis
Total,24.60294543,24.57641604,1.964859573,20.92489206,28.94254387,6,1999,10443,Hippoglossus.stenolepis
Total,19.34535711,19.29017412,1.931416279,15.67481819,23.21707533,7,2001,10443,Hippoglossus.stenolepis
Total,31.42545844,31.28078227,2.791763139,26.21973269,37.21721179,8,2003,10443,Hippoglossus.stenolepis
Total,25.97773131,25.95674124,1.984178573,22.11741834,29.86492911,9,2005,10443,Hippoglossus.stenolepis
Total,19.17355105,19.10074723,1.61101489,16.32765626,22.48419167,10,2007,10443,Hippoglossus.stenolepis
Total,20.02039091,19.9840359,1.644903849,16.72611777,23.28617511,11,2009,10443,Hippoglossus.stenolepis
Total,15.48021437,15.47986757,1.10772909,13.43494428,17.76722877,12,2011,10443,Hippoglossus.stenolepis
Total,11.79570396,11.72934858,0.972217584,10.07374478,13.95469491,13,2013,10443,Hippoglossus.stenolepis
Total,17.94209735,17.83758835,1.419467706,15.35351851,21.01597319,14,2015,10443,Hippoglossus.stenolepis
Total,0.008647622,0.00829431,0.002783742,0.004577071,0.015878088,1,1984,10443,Hyas.lyratus
Total,0.000273112,0.000166053,0.000358524,1.95E-05,0.001184765,2,1987,10443,Hyas.lyratus
Total,0.002636344,0.002485403,0.000927971,0.00124511,0.004786142,3,1990,10443,Hyas.lyratus
Total,0.002810554,0.002681871,0.000847645,0.001512962,0.004909166,4,1993,10443,Hyas.lyratus
Total,0.010443358,0.010281995,0.002044251,0.007252378,0.014976283,5,1996,10443,Hyas.lyratus
Total,0.013535705,0.013241631,0.00239713,0.009536354,0.019008639,6,1999,10443,Hyas.lyratus
Total,0.011930231,0.011441545,0.003628343,0.005907547,0.019987447,7,2001,10443,Hyas.lyratus
Total,0.010929655,0.01051394,0.003259841,0.005938412,0.017935199,8,2003,10443,Hyas.lyratus
Total,0.01152868,0.011244388,0.002996595,0.006421692,0.018342884,9,2005,10443,Hyas.lyratus
Total,0.010144765,0.009798215,0.002833701,0.005693092,0.016423913,10,2007,10443,Hyas.lyratus
Total,0.009789655,0.009491679,0.002660675,0.005471849,0.015918422,11,2009,10443,Hyas.lyratus
Total,0.007253918,0.007083696,0.001531252,0.00475787,0.010923173,12,2011,10443,Hyas.lyratus
Total,0.011443509,0.011056844,0.002653413,0.007352897,0.017168529,13,2013,10443,Hyas.lyratus
Total,0.008812038,0.008506698,0.002019126,0.005633155,0.013450231,14,2015,10443,Hyas.lyratus
Total,0.733457018,0.656824317,0.835815641,0.385043876,1.317228381,1,1984,10443,Isopsetta.isolepis
Total,0.521039113,0.48504969,0.190272165,0.260756471,1.009934178,2,1987,10443,Isopsetta.isolepis
Total,0.509042172,0.468830008,0.196106059,0.256554489,1.01116646,3,1990,10443,Isopsetta.isolepis
Total,0.415128596,0.398357587,0.127082818,0.227289408,0.689758411,4,1993,10443,Isopsetta.isolepis
Total,0.429580184,0.407727264,0.144062395,0.224187336,0.76534101,5,1996,10443,Isopsetta.isolepis
Total,0.308692631,0.293675752,0.105614315,0.167353233,0.568916837,6,1999,10443,Isopsetta.isolepis
Total,0.326223797,0.303720362,0.120755999,0.165796082,0.617446655,7,2001,10443,Isopsetta.isolepis
Total,0.630379082,0.589965992,0.219833121,0.32787363,1.190773495,8,2003,10443,Isopsetta.isolepis
Total,1.049602578,0.92556598,0.517017694,0.463715615,2.383945759,9,2005,10443,Isopsetta.isolepis
Total,1.089672681,0.930577878,0.636563896,0.431928815,2.629047635,10,2007,10443,Isopsetta.isolepis
Total,1.398441901,1.145958772,0.875862978,0.501768153,3.737216781,11,2009,10443,Isopsetta.isolepis
Total,0.618690957,0.51683924,0.368352424,0.256946411,1.602231345,12,2011,10443,Isopsetta.isolepis
Total,0.509385338,0.421727594,0.338390421,0.198719342,1.403671387,13,2013,10443,Isopsetta.isolepis
Total,0.512102341,0.455296863,0.258960646,0.233527656,1.144117382,14,2015,10443,Isopsetta.isolepis
Total,7.818529226,7.789965025,0.859454526,6.293005112,9.776163502,1,1984,10443,Lepidopsetta.sp.
Total,5.731354335,5.705241351,0.583347578,4.638022363,6.990119519,2,1987,10443,Lepidopsetta.sp.
Total,8.462867157,8.354675434,1.063537847,6.57023928,10.87200067,3,1990,10443,Lepidopsetta.sp.
Total,5.433460484,5.394887187,0.603991661,4.341823228,6.761963793,4,1993,10443,Lepidopsetta.sp.
Total,5.527802821,5.503679063,0.662463559,4.361567788,6.906720637,5,1996,10443,Lepidopsetta.sp.
Total,5.635639028,5.540759256,0.95421524,3.999416524,7.828706044,6,1999,10443,Lepidopsetta.sp.
Total,6.803961711,6.742356933,1.151078373,4.797960002,9.448080887,7,2001,10443,Lepidopsetta.sp.
Total,4.617927505,4.58901738,0.732940704,3.355330615,6.256240887,8,2003,10443,Lepidopsetta.sp.
Total,5.711685803,5.648323696,0.930804158,4.14450652,7.713740953,9,2005,10443,Lepidopsetta.sp.
Total,5.679491191,5.575650834,0.88006564,4.185180341,7.487155698,10,2007,10443,Lepidopsetta.sp.
Total,6.195264023,6.150134607,0.684917682,4.99777572,7.604308385,11,2009,10443,Lepidopsetta.sp.
Total,4.773628345,4.742333901,0.53677107,3.839523181,5.879983377,12,2011,10443,Lepidopsetta.sp.
Total,5.421653542,5.374386442,0.640695574,4.257916285,6.824356216,13,2013,10443,Lepidopsetta.sp.
Total,4.755578334,4.68175928,0.610230669,3.707682623,6.043429594,14,2015,10443,Lepidopsetta.sp.
Total,0.476314527,0.413864282,0.418810317,0.217452698,0.95218664,1,1984,10443,Limanda.aspera
Total,0.324060709,0.292197596,0.218921198,0.15032727,0.658123829,2,1987,10443,Limanda.aspera
Total,0.221356279,0.187708688,0.213493263,0.087609005,0.457083231,3,1990,10443,Limanda.aspera
Total,0.16168942,0.137811331,0.156685166,0.063460179,0.372385594,4,1993,10443,Limanda.aspera
Total,0.163087232,0.141884231,0.145226255,0.065894897,0.346664613,5,1996,10443,Limanda.aspera
Total,0.14046107,0.120495023,0.112173352,0.054890337,0.334314979,6,1999,10443,Limanda.aspera
Total,0.094600254,0.082382476,0.083088896,0.037033753,0.207139637,7,2001,10443,Limanda.aspera
Total,0.12939361,0.113986755,0.124500905,0.052827835,0.264666473,8,2003,10443,Limanda.aspera
Total,0.144177879,0.128375867,0.107589291,0.062883993,0.290251472,9,2005,10443,Limanda.aspera
Total,0.11729294,0.100739616,0.120261963,0.047018588,0.258724313,10,2007,10443,Limanda.aspera
Total,0.157376284,0.134935784,0.119297403,0.06212156,0.359092087,11,2009,10443,Limanda.aspera
Total,0.126645463,0.104046583,0.13384993,0.043789665,0.305528668,12,2011,10443,Limanda.aspera
Total,0.114825093,0.090275124,0.127740658,0.034091553,0.354580211,13,2013,10443,Limanda.aspera
Total,0.112579409,0.085532691,0.107222202,0.029368074,0.36624726,14,2015,10443,Limanda.aspera
Total,0.002507833,0.002327108,0.000991146,0.001179161,0.004645049,1,1984,10443,Lycodes.brevipes
Total,0.001680221,0.001548514,0.000609887,0.000852481,0.003204799,2,1987,10443,Lycodes.brevipes
Total,0.003085822,0.002996149,0.000794115,0.001876044,0.00485762,3,1990,10443,Lycodes.brevipes
Total,0.003859707,0.003777225,0.000878132,0.002452018,0.00584471,4,1993,10443,Lycodes.brevipes
Total,0.011467764,0.011266993,0.001912988,0.008156153,0.015475295,5,1996,10443,Lycodes.brevipes
Total,0.016935446,0.016631916,0.003411671,0.011008526,0.024688632,6,1999,10443,Lycodes.brevipes
Total,0.030209412,0.028503107,0.009606868,0.016273639,0.052959009,7,2001,10443,Lycodes.brevipes
Total,0.047943982,0.046399644,0.011824817,0.02929841,0.073797964,8,2003,10443,Lycodes.brevipes
Total,0.020409579,0.019554905,0.00547871,0.011981674,0.033280147,9,2005,10443,Lycodes.brevipes
Total,0.017677381,0.01656245,0.00574782,0.009921085,0.031391113,10,2007,10443,Lycodes.brevipes
Total,0.017793074,0.01705424,0.00523468,0.010208057,0.030120754,11,2009,10443,Lycodes.brevipes
Total,0.011379741,0.010701264,0.003862119,0.005821036,0.020423312,12,2011,10443,Lycodes.brevipes
Total,0.014139836,0.013738615,0.003903253,0.007929806,0.023579942,13,2013,10443,Lycodes.brevipes
Total,0.007666883,0.007341214,0.002262511,0.004395417,0.01343051,14,2015,10443,Lycodes.brevipes
Total,0.024689317,0.023883212,0.006880862,0.013815136,0.04028923,1,1984,10443,Lycodes.palearis
Total,0.021916098,0.021426034,0.004660247,0.014349343,0.032183907,2,1987,10443,Lycodes.palearis
Total,0.026038409,0.025706937,0.004597589,0.018137622,0.036001043,3,1990,10443,Lycodes.palearis
Total,0.029626404,0.029178436,0.004306682,0.022000054,0.039056417,4,1993,10443,Lycodes.palearis
Total,0.028647154,0.028380361,0.004498774,0.020464412,0.038103872,5,1996,10443,Lycodes.palearis
Total,0.038741371,0.038349171,0.006965929,0.026350363,0.053725772,6,1999,10443,Lycodes.palearis
Total,0.047679125,0.046286356,0.010488512,0.031067961,0.071502414,7,2001,10443,Lycodes.palearis
Total,0.056894121,0.056217865,0.009486446,0.040644495,0.076800602,8,2003,10443,Lycodes.palearis
Total,0.043367615,0.042964249,0.007901597,0.029766509,0.060216386,9,2005,10443,Lycodes.palearis
Total,0.04517274,0.044362202,0.008502191,0.030499175,0.064549606,10,2007,10443,Lycodes.palearis
Total,0.032984948,0.032559189,0.00685366,0.021468034,0.048329698,11,2009,10443,Lycodes.palearis
Total,0.029033638,0.028402558,0.006152363,0.018412781,0.042135212,12,2011,10443,Lycodes.palearis
Total,0.023906329,0.023208196,0.005548748,0.014942614,0.036511117,13,2013,10443,Lycodes.palearis
Total,0.020651996,0.019872664,0.005182178,0.012630483,0.032643354,14,2015,10443,Lycodes.palearis
Total,3.24E-05,2.54E-05,2.48E-05,6.64E-06,9.83E-05,1,1984,10443,Lyopsetta.exilis
Total,2.97E-05,2.39E-05,2.07E-05,7.36E-06,8.89E-05,2,1987,10443,Lyopsetta.exilis
Total,8.43E-05,7.12E-05,5.29E-05,2.37E-05,0.000210622,3,1990,10443,Lyopsetta.exilis
Total,0.000181023,0.000154306,9.96E-05,6.14E-05,0.000445269,4,1993,10443,Lyopsetta.exilis
Total,0.000184907,0.000160579,0.000103985,6.14E-05,0.00045236,5,1996,10443,Lyopsetta.exilis
Total,0.000259336,0.000227655,0.000137212,9.96E-05,0.000627838,6,1999,10443,Lyopsetta.exilis
Total,0.000591582,0.000490182,0.000383593,0.000178224,0.001718282,7,2001,10443,Lyopsetta.exilis
Total,0.001340075,0.001156261,0.000767042,0.000440606,0.003237746,8,2003,10443,Lyopsetta.exilis
Total,0.000293107,0.000226333,0.000260601,4.66E-05,0.000888577,9,2005,10443,Lyopsetta.exilis
Total,0.000468972,0.000416378,0.000310874,0.000151504,0.001107568,10,2007,10443,Lyopsetta.exilis
Total,0.000541957,0.000487622,0.000270298,0.000198299,0.001209826,11,2009,10443,Lyopsetta.exilis
Total,0.000762942,0.000715204,0.00028156,0.000375161,0.00145499,12,2011,10443,Lyopsetta.exilis
Total,0.000898307,0.000828927,0.000339497,0.00044948,0.001729142,13,2013,10443,Lyopsetta.exilis
Total,0.000777495,0.00074226,0.000267711,0.000382156,0.001383272,14,2015,10443,Lyopsetta.exilis
Total,0.000902156,0.000858864,0.000300009,0.000468527,0.001613017,1,1984,10443,Malacocottus.zonurus
Total,0.000649313,0.000612142,0.000210969,0.000349797,0.001163741,2,1987,10443,Malacocottus.zonurus
Total,0.000567214,0.000534538,0.000181597,0.000306761,0.001018195,3,1990,10443,Malacocottus.zonurus
Total,0.000607269,0.00057615,0.000200429,0.000320872,0.001099665,4,1993,10443,Malacocottus.zonurus
Total,0.000464095,0.000440125,0.000152175,0.000244996,0.000850666,5,1996,10443,Malacocottus.zonurus
Total,0.000383062,0.00035859,0.000142966,0.000194871,0.000702165,6,1999,10443,Malacocottus.zonurus
Total,0.000389725,0.000360742,0.000141705,0.000200918,0.000707426,7,2001,10443,Malacocottus.zonurus
Total,0.000382742,0.000361267,0.00013059,0.000199498,0.000680962,8,2003,10443,Malacocottus.zonurus
Total,0.000355448,0.000333702,0.000133353,0.000175725,0.00066932,9,2005,10443,Malacocottus.zonurus
Total,0.000368185,0.000341693,0.000139766,0.000177837,0.000703679,10,2007,10443,Malacocottus.zonurus
Total,0.000340274,0.000307701,0.000144766,0.000153213,0.000704527,11,2009,10443,Malacocottus.zonurus
Total,0.000295902,0.000268139,0.000140918,0.000115116,0.000661495,12,2011,10443,Malacocottus.zonurus
Total,0.000322735,0.000285357,0.00016848,0.0001266,0.000756131,13,2013,10443,Malacocottus.zonurus
Total,0.00038643,0.000336886,0.000206494,0.000145903,0.000934032,14,2015,10443,Malacocottus.zonurus
Total,0.012870852,0.010904329,0.00864118,0.004182526,0.034242727,1,1984,10443,Mallotus.villosus
Total,0.005049785,0.003898145,0.006934643,0.001439742,0.013230865,2,1987,10443,Mallotus.villosus
Total,0.007230005,0.006468143,0.004007259,0.003052554,0.015406569,3,1990,10443,Mallotus.villosus
Total,0.007182478,0.006434122,0.00350736,0.00314771,0.015213448,4,1993,10443,Mallotus.villosus
Total,0.080255464,0.074829573,0.031073901,0.040376672,0.153685961,5,1996,10443,Mallotus.villosus
Total,0.023127708,0.021197101,0.009576586,0.011855048,0.045101646,6,1999,10443,Mallotus.villosus
Total,0.046066739,0.036688779,0.038549331,0.018888928,0.114342231,7,2001,10443,Mallotus.villosus
Total,0.310349625,0.282771624,0.127084069,0.1589708,0.673661775,8,2003,10443,Mallotus.villosus
Total,0.022978742,0.021743485,0.007925131,0.013315092,0.040088651,9,2005,10443,Mallotus.villosus
Total,0.013559208,0.012566835,0.004803194,0.007001975,0.025183102,10,2007,10443,Mallotus.villosus
Total,0.016541484,0.014418223,0.00797934,0.007782368,0.037821342,11,2009,10443,Mallotus.villosus
Total,0.02111967,0.019796077,0.007599606,0.011683413,0.037781971,12,2011,10443,Mallotus.villosus
Total,0.236550222,0.206974707,0.11532029,0.111840082,0.536871923,13,2013,10443,Mallotus.villosus
Total,0.00847681,0.007832061,0.003159555,0.004436977,0.016489997,14,2015,10443,Mallotus.villosus
Total,1.631319178,1.623931351,0.215045124,1.237554369,2.082256731,1,1984,10443,Microstomus.pacificus
Total,1.679779213,1.669381808,0.199552708,1.320535568,2.101159567,2,1987,10443,Microstomus.pacificus
Total,3.767914719,3.745050075,0.385033012,3.058149872,4.581114003,3,1990,10443,Microstomus.pacificus
Total,3.236450478,3.203565883,0.377262746,2.57955461,4.070701542,4,1993,10443,Microstomus.pacificus
Total,2.09674011,2.080772891,0.240356301,1.684976087,2.611820401,5,1996,10443,Microstomus.pacificus
Total,1.434119949,1.419282778,0.18410811,1.127206236,1.823695305,6,1999,10443,Microstomus.pacificus
Total,1.559629323,1.522919991,0.280855533,1.111764609,2.188043981,7,2001,10443,Microstomus.pacificus
Total,2.312791131,2.292871148,0.297258655,1.796843451,2.951376514,8,2003,10443,Microstomus.pacificus
Total,1.803774462,1.79350617,0.197349529,1.453798045,2.200559023,9,2005,10443,Microstomus.pacificus
Total,1.670719732,1.662928462,0.20234604,1.328560536,2.098450047,10,2007,10443,Microstomus.pacificus
Total,1.67098016,1.651799125,0.213820114,1.312785653,2.148976457,11,2009,10443,Microstomus.pacificus
Total,1.66894864,1.650534786,0.232321796,1.262114956,2.184465362,12,2011,10443,Microstomus.pacificus
Total,1.140591816,1.117466571,0.192168288,0.820838883,1.566955004,13,2013,10443,Microstomus.pacificus
Total,0.860443288,0.854095713,0.124831377,0.644399166,1.141629916,14,2015,10443,Microstomus.pacificus
Total,7.47E-05,5.36E-05,7.31E-05,1.26E-05,0.000277059,1,1984,10443,Myctophidae
Total,3.05E-05,2.03E-05,3.17E-05,3.51E-06,0.000109666,2,1987,10443,Myctophidae
Total,7.63E-05,5.46E-05,8.37E-05,1.11E-05,0.000287779,3,1990,10443,Myctophidae
Total,0.000235601,0.00019035,0.00018775,4.88E-05,0.000697794,4,1993,10443,Myctophidae
Total,0.000951633,0.000793767,0.000659896,0.000273596,0.002519537,5,1996,10443,Myctophidae
Total,0.002175734,0.001873056,0.001192739,0.000680838,0.005335678,6,1999,10443,Myctophidae
Total,0.000426409,0.000302554,0.000404616,7.15E-05,0.001555257,7,2001,10443,Myctophidae
Total,0.000675555,0.000566676,0.000457488,0.000173093,0.001759278,8,2003,10443,Myctophidae
Total,0.000721281,0.000611643,0.000460237,0.000225202,0.001803628,9,2005,10443,Myctophidae
Total,9.79E-05,7.57E-05,7.81E-05,2.21E-05,0.000303665,10,2007,10443,Myctophidae
Total,4.15E-05,3.13E-05,3.79E-05,6.77E-06,0.000133623,11,2009,10443,Myctophidae
Total,0.00012231,8.98E-05,0.000108282,2.07E-05,0.000432882,12,2011,10443,Myctophidae
Total,3.82E-05,2.35E-05,9.54E-05,3.54E-06,0.000131961,13,2013,10443,Myctophidae
Total,2.89E-05,1.82E-05,4.24E-05,2.56E-06,0.000111876,14,2015,10443,Myctophidae
Total,0.238760472,0.231487657,0.05253905,0.156871395,0.358658135,1,1984,10443,Myoxocephalus.polyacanthocephalus
Total,0.14284637,0.138901309,0.03233584,0.089279118,0.210796857,2,1987,10443,Myoxocephalus.polyacanthocephalus
Total,0.065779144,0.062897192,0.020067276,0.036222019,0.112825888,3,1990,10443,Myoxocephalus.polyacanthocephalus
Total,0.066153776,0.063565357,0.018173482,0.039017605,0.107305596,4,1993,10443,Myoxocephalus.polyacanthocephalus
Total,0.087429862,0.083206738,0.025218106,0.050551138,0.152577384,5,1996,10443,Myoxocephalus.polyacanthocephalus
Total,0.057219091,0.054554952,0.017888953,0.031793969,0.100172054,6,1999,10443,Myoxocephalus.polyacanthocephalus
Total,0.054995883,0.052012175,0.015889289,0.031886532,0.091933002,7,2001,10443,Myoxocephalus.polyacanthocephalus
Total,0.109799065,0.106808601,0.02386516,0.071220439,0.162548041,8,2003,10443,Myoxocephalus.polyacanthocephalus
Total,0.092133264,0.089779675,0.020446117,0.059197977,0.138317166,9,2005,10443,Myoxocephalus.polyacanthocephalus
Total,0.101188357,0.099093232,0.023811885,0.063092669,0.154118141,10,2007,10443,Myoxocephalus.polyacanthocephalus
Total,0.119739862,0.117176715,0.027196149,0.076153855,0.178026698,11,2009,10443,Myoxocephalus.polyacanthocephalus
Total,0.119201305,0.116389303,0.025058552,0.078107579,0.177457271,12,2011,10443,Myoxocephalus.polyacanthocephalus
Total,0.120894336,0.117724103,0.028485197,0.074546378,0.18562878,13,2013,10443,Myoxocephalus.polyacanthocephalus
Total,0.178837198,0.173376524,0.041732254,0.113717404,0.278979051,14,2015,10443,Myoxocephalus.polyacanthocephalus
Total,0.093427916,0.085931147,0.036774759,0.041823207,0.185961412,1,1984,10443,Oncorhynchus.keta
Total,0.264156626,0.259155827,0.05816563,0.163826408,0.393560222,2,1987,10443,Oncorhynchus.keta
Total,0.091204332,0.085031868,0.032898743,0.045554405,0.17148182,3,1990,10443,Oncorhynchus.keta
Total,0.230641724,0.221472833,0.067330836,0.127131938,0.396538034,4,1993,10443,Oncorhynchus.keta
Total,0.190055955,0.180958603,0.051839315,0.114768349,0.307667451,5,1996,10443,Oncorhynchus.keta
Total,0.113563705,0.105574742,0.040989129,0.056886352,0.208386593,6,1999,10443,Oncorhynchus.keta
Total,0.377371828,0.364537387,0.098020107,0.220535157,0.59713607,7,2001,10443,Oncorhynchus.keta
Total,0.74080177,0.734189517,0.117871523,0.534165279,0.993052895,8,2003,10443,Oncorhynchus.keta
Total,0.347052261,0.337474414,0.077640611,0.224912953,0.521101279,9,2005,10443,Oncorhynchus.keta
Total,0.296256017,0.287335963,0.081442718,0.169142446,0.49244299,10,2007,10443,Oncorhynchus.keta
Total,0.549083458,0.537375762,0.117673218,0.358502656,0.801518358,11,2009,10443,Oncorhynchus.keta
Total,0.225466666,0.217306956,0.063133122,0.130232957,0.370318577,12,2011,10443,Oncorhynchus.keta
Total,0.832068916,0.816068839,0.173431088,0.543893187,1.207982046,13,2013,10443,Oncorhynchus.keta
Total,0.884332571,0.864912794,0.179137455,0.605811256,1.304793795,14,2015,10443,Oncorhynchus.keta
Total,0.181427859,0.17517826,0.040555128,0.116866601,0.269945829,1,1984,10443,Oncorhynchus.tshawytscha
Total,0.350676687,0.346968515,0.055627523,0.254144609,0.469153181,2,1987,10443,Oncorhynchus.tshawytscha
Total,0.093484382,0.089508037,0.027493857,0.050628692,0.157540941,3,1990,10443,Oncorhynchus.tshawytscha
Total,0.201205513,0.195934705,0.039164607,0.136960192,0.283336979,4,1993,10443,Oncorhynchus.tshawytscha
Total,0.24431482,0.23440487,0.067036322,0.141177601,0.401391232,5,1996,10443,Oncorhynchus.tshawytscha
Total,0.137573879,0.131083416,0.042957293,0.072923318,0.236706812,6,1999,10443,Oncorhynchus.tshawytscha
Total,0.252608821,0.239810672,0.080858258,0.127913781,0.444378671,7,2001,10443,Oncorhynchus.tshawytscha
Total,0.452534312,0.446021933,0.09047998,0.296417232,0.651892141,8,2003,10443,Oncorhynchus.tshawytscha
Total,0.349995899,0.340423771,0.084020567,0.216553006,0.551970583,9,2005,10443,Oncorhynchus.tshawytscha
Total,0.155361093,0.144639702,0.057736659,0.072097404,0.294548452,10,2007,10443,Oncorhynchus.tshawytscha
Total,0.135637573,0.128228362,0.043887531,0.074054754,0.23825453,11,2009,10443,Oncorhynchus.tshawytscha
Total,0.219777295,0.212583528,0.054652663,0.137203927,0.346428068,12,2011,10443,Oncorhynchus.tshawytscha
Total,0.173863186,0.166561553,0.052848863,0.093273795,0.298092672,13,2013,10443,Oncorhynchus.tshawytscha
Total,0.316116718,0.307560591,0.069012672,0.20606538,0.469187054,14,2015,10443,Oncorhynchus.tshawytscha
Total,0.117509965,0.112450314,0.037568287,0.059752909,0.205039284,1,1984,10443,Ophiodon.elongatus
Total,0.163132121,0.159692506,0.037546759,0.104337682,0.245065212,2,1987,10443,Ophiodon.elongatus
Total,0.275633153,0.269567187,0.059283687,0.173555362,0.409681978,3,1990,10443,Ophiodon.elongatus
Total,0.531132538,0.520450052,0.100036388,0.369962243,0.748655707,4,1993,10443,Ophiodon.elongatus
Total,0.752456827,0.732032776,0.183835768,0.449899061,1.173977462,5,1996,10443,Ophiodon.elongatus
Total,0.714982331,0.693542492,0.144611753,0.476958929,1.057424942,6,1999,10443,Ophiodon.elongatus
Total,0.971656993,0.959504872,0.216766864,0.616471573,1.431776637,7,2001,10443,Ophiodon.elongatus
Total,1.040092976,1.018137043,0.211832446,0.69134385,1.498104333,8,2003,10443,Ophiodon.elongatus
Total,1.807947007,1.795322131,0.270718325,1.341463115,2.400341707,9,2005,10443,Ophiodon.elongatus
Total,1.520612991,1.481880276,0.310853751,1.012770289,2.202848535,10,2007,10443,Ophiodon.elongatus
Total,2.209521097,2.147691362,0.443131003,1.457897125,3.137598014,11,2009,10443,Ophiodon.elongatus
Total,1.663918149,1.629427246,0.324089255,1.1238071,2.38770974,12,2011,10443,Ophiodon.elongatus
Total,0.899609581,0.878029117,0.221340424,0.550908004,1.38556392,13,2013,10443,Ophiodon.elongatus
Total,0.831258174,0.800874131,0.209027716,0.497634339,1.303975833,14,2015,10443,Ophiodon.elongatus
Total,0.290908004,0.261856872,0.12747889,0.131154993,0.598091955,1,1984,10443,Parophrys.vetulus
Total,0.379544369,0.356053661,0.138588713,0.201805219,0.711794415,2,1987,10443,Parophrys.vetulus
Total,0.29358792,0.280790051,0.081777483,0.173928318,0.496200649,3,1990,10443,Parophrys.vetulus
Total,0.194779138,0.185613195,0.052718767,0.117032202,0.311087096,4,1993,10443,Parophrys.vetulus
Total,0.227470952,0.217025465,0.078891175,0.116591138,0.406847938,5,1996,10443,Parophrys.vetulus
Total,0.441542735,0.405831961,0.180796285,0.217388317,0.878160411,6,1999,10443,Parophrys.vetulus
Total,0.412144396,0.369316701,0.200375203,0.17327451,0.891445824,7,2001,10443,Parophrys.vetulus
Total,0.370850798,0.346516063,0.1369542,0.182698042,0.716977005,8,2003,10443,Parophrys.vetulus
Total,0.431265953,0.397238834,0.177027166,0.215774251,0.809277868,9,2005,10443,Parophrys.vetulus
Total,0.450574866,0.422955275,0.174981757,0.221119815,0.827004374,10,2007,10443,Parophrys.vetulus
Total,0.545380714,0.507497677,0.190546564,0.292847192,1.045061093,11,2009,10443,Parophrys.vetulus
Total,0.478713791,0.448652684,0.163432362,0.253397885,0.843515607,12,2011,10443,Parophrys.vetulus
Total,0.529912172,0.475032244,0.231820177,0.248257824,1.156347506,13,2013,10443,Parophrys.vetulus
Total,0.463055875,0.426698706,0.192396607,0.226704786,0.934016348,14,2015,10443,Parophrys.vetulus
Total,0.154943057,0.143515924,0.064939622,0.071425286,0.299843833,1,1984,10443,Platichthys.stellatus
Total,0.137677818,0.126482596,0.058482992,0.063314548,0.28841459,2,1987,10443,Platichthys.stellatus
Total,0.259215054,0.236348411,0.114025121,0.110011213,0.531979794,3,1990,10443,Platichthys.stellatus
Total,0.34885718,0.289983522,0.23510079,0.140877147,0.918011576,4,1993,10443,Platichthys.stellatus
Total,0.267073299,0.236564098,0.14268744,0.092663,0.65568577,5,1996,10443,Platichthys.stellatus
Total,0.310142262,0.279526353,0.139703678,0.127768256,0.633817532,6,1999,10443,Platichthys.stellatus
Total,0.294542573,0.251707857,0.170378302,0.109254589,0.707521587,7,2001,10443,Platichthys.stellatus
Total,0.317820692,0.279764031,0.175153749,0.117547877,0.729978532,8,2003,10443,Platichthys.stellatus
Total,0.31406352,0.268988936,0.169412584,0.127895139,0.740729018,9,2005,10443,Platichthys.stellatus
Total,0.321785437,0.288782239,0.156328229,0.133304427,0.687122259,10,2007,10443,Platichthys.stellatus
Total,0.235691758,0.200344415,0.131751237,0.088332009,0.620514148,11,2009,10443,Platichthys.stellatus
Total,0.172705068,0.154084151,0.091038601,0.067475591,0.416187394,12,2011,10443,Platichthys.stellatus
Total,0.145129727,0.12330831,0.085670783,0.049764621,0.355827905,13,2013,10443,Platichthys.stellatus
Total,0.159316018,0.136512111,0.11242167,0.056386889,0.382278916,14,2015,10443,Platichthys.stellatus
Total,0.094831854,0.058714576,0.128196675,0.013229551,0.353885919,1,1984,10443,Pleurogrammus.monopterygius
Total,0.121886243,0.060927141,0.329577957,0.012775362,0.574543119,2,1987,10443,Pleurogrammus.monopterygius
Total,0.057628031,0.024460686,0.3727438,0.00426541,0.194466857,3,1990,10443,Pleurogrammus.monopterygius
Total,0.166832848,0.079305171,0.373224103,0.014464839,0.717873037,4,1993,10443,Pleurogrammus.monopterygius
Total,0.232571234,0.16164548,0.478803181,0.071246613,0.721133908,5,1996,10443,Pleurogrammus.monopterygius
Total,0.166293711,0.107823513,0.212028841,0.022190216,0.750828094,6,1999,10443,Pleurogrammus.monopterygius
Total,0.181440986,0.106998162,0.265752228,0.026028321,0.84282904,7,2001,10443,Pleurogrammus.monopterygius
Total,0.709858359,0.554283296,0.606836193,0.27663743,2.352871892,8,2003,10443,Pleurogrammus.monopterygius
Total,0.380272405,0.323532909,0.218636345,0.157974461,0.895949553,9,2005,10443,Pleurogrammus.monopterygius
Total,0.292480402,0.244967386,0.220152734,0.116530589,0.736914311,10,2007,10443,Pleurogrammus.monopterygius
Total,0.266144596,0.188471391,0.297642691,0.073184783,0.953444447,11,2009,10443,Pleurogrammus.monopterygius
Total,1.576114802,1.39397055,0.977239945,0.630457371,3.460876481,12,2011,10443,Pleurogrammus.monopterygius
Total,1.969420017,1.786759094,0.864079,0.867097253,4.150764939,13,2013,10443,Pleurogrammus.monopterygius
Total,0.624316827,0.517375196,0.48813302,0.24854374,1.591717736,14,2015,10443,Pleurogrammus.monopterygius
Total,0.065488961,0.061175853,0.024355641,0.034581055,0.118998773,1,1984,10443,Pleuronectes.quadrituberculatus
Total,0.055666539,0.052685018,0.018491995,0.030796094,0.098329395,2,1987,10443,Pleuronectes.quadrituberculatus
Total,0.048623074,0.046075636,0.016453955,0.026270365,0.089548809,3,1990,10443,Pleuronectes.quadrituberculatus
Total,0.046788174,0.044003248,0.014552593,0.026242051,0.080592829,4,1993,10443,Pleuronectes.quadrituberculatus
Total,0.051905108,0.049689846,0.01518232,0.030056416,0.087140178,5,1996,10443,Pleuronectes.quadrituberculatus
Total,0.050834786,0.049202141,0.015326709,0.02760434,0.083822548,6,1999,10443,Pleuronectes.quadrituberculatus
Total,0.045540671,0.043433427,0.013905693,0.025897265,0.075630633,7,2001,10443,Pleuronectes.quadrituberculatus
Total,0.056059496,0.053804012,0.015436629,0.032180926,0.090032652,8,2003,10443,Pleuronectes.quadrituberculatus
Total,0.068783613,0.066582848,0.017631723,0.041961957,0.105822634,9,2005,10443,Pleuronectes.quadrituberculatus
Total,0.056960618,0.054247618,0.016796418,0.033385971,0.095803839,10,2007,10443,Pleuronectes.quadrituberculatus
Total,0.045559012,0.043360203,0.015515037,0.023081747,0.077355121,11,2009,10443,Pleuronectes.quadrituberculatus
Total,0.040357053,0.03794036,0.015776605,0.019260779,0.075273675,12,2011,10443,Pleuronectes.quadrituberculatus
Total,0.042198982,0.038898655,0.017506233,0.01847145,0.085686906,13,2013,10443,Pleuronectes.quadrituberculatus
Total,0.037920503,0.034317332,0.018848257,0.014873717,0.084757236,14,2015,10443,Pleuronectes.quadrituberculatus
Total,0.003092797,0.002793322,0.001431536,0.001243984,0.006402522,1,1984,10443,Podothecus.accipenserinus
Total,0.002464277,0.002268465,0.001059805,0.00104623,0.005228588,2,1987,10443,Podothecus.accipenserinus
Total,0.002288939,0.002144247,0.000876354,0.001075499,0.004571386,3,1990,10443,Podothecus.accipenserinus
Total,0.002643156,0.002453895,0.000939672,0.001350276,0.004922495,4,1993,10443,Podothecus.accipenserinus
Total,0.001409152,0.00131643,0.000571007,0.000612975,0.002697745,5,1996,10443,Podothecus.accipenserinus
Total,0.001933415,0.001797648,0.000723658,0.000924807,0.003690719,6,1999,10443,Podothecus.accipenserinus
Total,0.001903551,0.001806921,0.000594159,0.001045299,0.003301987,7,2001,10443,Podothecus.accipenserinus
Total,0.003421432,0.003305211,0.000819472,0.002111241,0.005171964,8,2003,10443,Podothecus.accipenserinus
Total,0.001902194,0.00180473,0.000655305,0.000975382,0.003560805,9,2005,10443,Podothecus.accipenserinus
Total,0.001802955,0.001667802,0.000751447,0.000846554,0.003696261,10,2007,10443,Podothecus.accipenserinus
Total,0.005874574,0.005627481,0.001916331,0.003099473,0.01040169,11,2009,10443,Podothecus.accipenserinus
Total,0.002908123,0.002678012,0.001285684,0.001229228,0.006166679,12,2011,10443,Podothecus.accipenserinus
Total,0.00424372,0.003796441,0.001919973,0.001770707,0.009046814,13,2013,10443,Podothecus.accipenserinus
Total,0.00817669,0.007207691,0.00375185,0.003691423,0.017545388,14,2015,10443,Podothecus.accipenserinus
Total,1.260733287,1.240860519,0.234786221,0.861993351,1.782231421,1,1984,10443,Raja.binoculata
Total,1.553503723,1.538698906,0.230307586,1.151997812,2.03025258,2,1987,10443,Raja.binoculata
Total,1.140969023,1.109958469,0.256186126,0.733319069,1.720346584,3,1990,10443,Raja.binoculata
Total,1.465463511,1.456649027,0.234494401,1.053998237,1.970458207,4,1993,10443,Raja.binoculata
Total,1.738288714,1.707917694,0.313145835,1.208717707,2.405517122,5,1996,10443,Raja.binoculata
Total,1.785409879,1.746581434,0.365829463,1.177040517,2.587465952,6,1999,10443,Raja.binoculata
Total,1.460171506,1.432903105,0.349367178,0.874472151,2.255627054,7,2001,10443,Raja.binoculata
Total,1.639899482,1.595100152,0.357792944,1.033590786,2.463036101,8,2003,10443,Raja.binoculata
Total,1.494100143,1.465441699,0.39428965,0.874857566,2.360230247,9,2005,10443,Raja.binoculata
Total,1.73966788,1.709240144,0.375247744,1.112551259,2.56235122,10,2007,10443,Raja.binoculata
Total,1.338413563,1.297729541,0.288042075,0.876723678,2.02363892,11,2009,10443,Raja.binoculata
Total,1.628884503,1.594802527,0.31288136,1.095107241,2.304241114,12,2011,10443,Raja.binoculata
Total,1.08020587,1.043899048,0.25311098,0.659066998,1.654971639,13,2013,10443,Raja.binoculata
Total,1.811357483,1.766333858,0.356957407,1.23886371,2.59634586,14,2015,10443,Raja.binoculata
Total,0.212345532,0.207246057,0.050838985,0.125803718,0.32336544,1,1984,10443,Raja.rhina
Total,0.197816649,0.193512186,0.035283148,0.139331395,0.275751722,2,1987,10443,Raja.rhina
Total,0.387805984,0.387740032,0.052511438,0.291198707,0.495661966,3,1990,10443,Raja.rhina
Total,0.718071001,0.715935606,0.080270606,0.570355551,0.891125276,4,1993,10443,Raja.rhina
Total,1.025652419,1.01964588,0.11477028,0.822772524,1.273736562,5,1996,10443,Raja.rhina
Total,1.620523646,1.61711863,0.181637125,1.296726608,2.001806724,6,1999,10443,Raja.rhina
Total,1.450997835,1.43676471,0.200803606,1.12072208,1.907897249,7,2001,10443,Raja.rhina
Total,1.88191013,1.867153436,0.208523365,1.504321032,2.291639778,8,2003,10443,Raja.rhina
Total,2.092185143,2.075825359,0.210415769,1.715414516,2.555314026,9,2005,10443,Raja.rhina
Total,1.67387938,1.656712548,0.191330426,1.331316477,2.092025521,10,2007,10443,Raja.rhina
Total,1.662575692,1.656902653,0.172957366,1.332867814,2.020777769,11,2009,10443,Raja.rhina
Total,1.505838422,1.489940653,0.177429408,1.191287727,1.867615931,12,2011,10443,Raja.rhina
Total,1.97728829,1.956998244,0.212570057,1.606327338,2.432789548,13,2013,10443,Raja.rhina
Total,1.941326529,1.928289589,0.216033092,1.550276598,2.398885828,14,2015,10443,Raja.rhina
Total,0.169211297,0.167048823,0.026163436,0.123734874,0.224899825,1,1984,10443,Rougheye.and.Blackspotted.Rockfish
Total,0.178158577,0.176038736,0.02673032,0.132432973,0.23722313,2,1987,10443,Rougheye.and.Blackspotted.Rockfish
Total,0.215464867,0.212286741,0.030656066,0.162861993,0.281494914,3,1990,10443,Rougheye.and.Blackspotted.Rockfish
Total,0.277768207,0.275354143,0.037152671,0.214639646,0.357426943,4,1993,10443,Rougheye.and.Blackspotted.Rockfish
Total,0.223182331,0.220802939,0.032907566,0.165215927,0.288993469,5,1996,10443,Rougheye.and.Blackspotted.Rockfish
Total,0.183043866,0.181229152,0.027780076,0.137365244,0.240340314,6,1999,10443,Rougheye.and.Blackspotted.Rockfish
Total,0.214541636,0.209116876,0.044789655,0.145720055,0.322979357,7,2001,10443,Rougheye.and.Blackspotted.Rockfish
Total,0.184112047,0.179592551,0.033999706,0.130920842,0.260854028,8,2003,10443,Rougheye.and.Blackspotted.Rockfish
Total,0.226452115,0.223733835,0.034794144,0.167310316,0.302708378,9,2005,10443,Rougheye.and.Blackspotted.Rockfish
Total,0.234054878,0.229096006,0.043136899,0.162706693,0.333967487,10,2007,10443,Rougheye.and.Blackspotted.Rockfish
Total,0.212476839,0.209073554,0.034490779,0.154786641,0.284650379,11,2009,10443,Rougheye.and.Blackspotted.Rockfish
Total,0.193992918,0.19123542,0.036528981,0.132243641,0.274037697,12,2011,10443,Rougheye.and.Blackspotted.Rockfish
Total,0.170346433,0.165427097,0.036872915,0.112029045,0.257393758,13,2013,10443,Rougheye.and.Blackspotted.Rockfish
Total,0.16590756,0.16339388,0.032299126,0.111603214,0.239565878,14,2015,10443,Rougheye.and.Blackspotted.Rockfish
Total,2.005801195,1.936202717,0.529786435,1.233297378,3.289116257,1,1984,10443,Sebastes.alutus
Total,2.780957483,2.629943711,0.833864026,1.640603366,4.629911975,2,1987,10443,Sebastes.alutus
Total,1.719059616,1.59646221,0.596549572,0.916362564,3.24881221,3,1990,10443,Sebastes.alutus
Total,5.833243315,5.660022213,1.383049836,3.66683408,8.99485521,4,1993,10443,Sebastes.alutus
Total,8.23479959,7.982660932,1.693330729,5.586155698,12.17629381,5,1996,10443,Sebastes.alutus
Total,5.910048533,5.643071636,1.524336731,3.639648982,9.3961754,6,1999,10443,Sebastes.alutus
Total,13.34862083,12.92105432,3.477393491,8.198219566,21.2213534,7,2001,10443,Sebastes.alutus
Total,7.971553877,7.697356306,1.86885799,5.003246566,12.47036349,8,2003,10443,Sebastes.alutus
Total,10.18571683,9.96358403,2.021008241,6.873919803,14.62551031,9,2005,10443,Sebastes.alutus
Total,10.20035602,9.948085821,2.254206069,6.834069153,15.14913178,10,2007,10443,Sebastes.alutus
Total,15.3450194,14.95831406,3.1297494,10.51288126,22.91486625,11,2009,10443,Sebastes.alutus
Total,19.07933863,18.33839132,4.423770947,12.07456124,29.48356699,12,2011,10443,Sebastes.alutus
Total,40.77580849,39.65183873,9.25130193,26.54485624,62.80688085,13,2013,10443,Sebastes.alutus
Total,31.22303526,30.1778852,7.824792906,19.57765364,48.95596516,14,2015,10443,Sebastes.alutus
Total,0.000975605,0.000902536,0.000384953,0.000453225,0.001910801,1,1984,10443,Sebastes.babcocki
Total,0.001526084,0.001402517,0.00055348,0.000790534,0.002904106,2,1987,10443,Sebastes.babcocki
Total,0.001292529,0.001174582,0.000530639,0.000613367,0.002646237,3,1990,10443,Sebastes.babcocki
Total,0.001483239,0.001391381,0.000519613,0.000726023,0.002766352,4,1993,10443,Sebastes.babcocki
Total,0.001400939,0.001320814,0.000515444,0.000670614,0.002555047,5,1996,10443,Sebastes.babcocki
Total,0.001689486,0.001622106,0.000588031,0.000814356,0.003034579,6,1999,10443,Sebastes.babcocki
Total,0.002050687,0.001885233,0.000773396,0.00098863,0.003908613,7,2001,10443,Sebastes.babcocki
Total,0.002849658,0.002656054,0.001018822,0.00143081,0.005453801,8,2003,10443,Sebastes.babcocki
Total,0.004194947,0.003922218,0.00154337,0.00213518,0.007927639,9,2005,10443,Sebastes.babcocki
Total,0.005518103,0.00518733,0.001934741,0.002723092,0.01009064,10,2007,10443,Sebastes.babcocki
Total,0.007902549,0.007534727,0.002331215,0.00437314,0.013149822,11,2009,10443,Sebastes.babcocki
Total,0.007769866,0.007381848,0.002456607,0.00416488,0.014298806,12,2011,10443,Sebastes.babcocki
Total,0.009188602,0.008791217,0.002851116,0.004855293,0.015574093,13,2013,10443,Sebastes.babcocki
Total,0.008034842,0.007650457,0.00257353,0.004103845,0.013876747,14,2015,10443,Sebastes.babcocki
Total,0.000830135,0.000694452,0.000623963,0.000270081,0.002003242,1,1984,10443,Sebastes.borealis
Total,0.003545687,0.00309127,0.001869806,0.001243081,0.008275981,2,1987,10443,Sebastes.borealis
Total,0.001611489,0.001363755,0.000976623,0.000494842,0.004095581,3,1990,10443,Sebastes.borealis
Total,0.002397436,0.001992386,0.001540455,0.000715735,0.0069174,4,1993,10443,Sebastes.borealis
Total,0.003695242,0.003011821,0.002476376,0.001082192,0.010843545,5,1996,10443,Sebastes.borealis
Total,0.003627902,0.002994655,0.002342724,0.00123687,0.009709403,6,1999,10443,Sebastes.borealis
Total,0.003888459,0.003331201,0.002338136,0.001179416,0.010275896,7,2001,10443,Sebastes.borealis
Total,0.007082628,0.006176252,0.004260665,0.002244945,0.018950949,8,2003,10443,Sebastes.borealis
Total,0.006106252,0.005182406,0.003998385,0.001680002,0.015530535,9,2005,10443,Sebastes.borealis
Total,0.004141751,0.00341058,0.002795797,0.001288586,0.010723924,10,2007,10443,Sebastes.borealis
Total,0.007050626,0.005982561,0.004432453,0.002287589,0.017335959,11,2009,10443,Sebastes.borealis
Total,0.007737178,0.006007211,0.005988483,0.002003339,0.023485561,12,2011,10443,Sebastes.borealis
Total,0.019989594,0.014887517,0.021767134,0.004726755,0.059738853,13,2013,10443,Sebastes.borealis
Total,0.018789696,0.014636471,0.015497654,0.004722112,0.054526013,14,2015,10443,Sebastes.borealis
Total,0.037125621,0.032421592,0.022075388,0.011963512,0.09087321,1,1984,10443,Sebastes.brevispinis
Total,0.04360509,0.039356478,0.01990095,0.017623292,0.095265437,2,1987,10443,Sebastes.brevispinis
Total,0.073904572,0.067870641,0.03027951,0.035054453,0.151136429,3,1990,10443,Sebastes.brevispinis
Total,0.077759975,0.070087062,0.039304406,0.031054468,0.168792743,4,1993,10443,Sebastes.brevispinis
Total,0.09940889,0.089760017,0.050304184,0.0376304,0.226899648,5,1996,10443,Sebastes.brevispinis
Total,0.114770423,0.097756168,0.068661854,0.040824707,0.30533118,6,1999,10443,Sebastes.brevispinis
Total,0.080068223,0.064730463,0.087106714,0.023036655,0.230988872,7,2001,10443,Sebastes.brevispinis
Total,0.065243836,0.05114659,0.08015108,0.019020414,0.182427107,8,2003,10443,Sebastes.brevispinis
Total,0.071232933,0.056818057,0.077916457,0.025208885,0.183900202,9,2005,10443,Sebastes.brevispinis
Total,0.074793612,0.061535535,0.048871945,0.02517458,0.195790694,10,2007,10443,Sebastes.brevispinis
Total,0.083259564,0.067358554,0.077211904,0.02688589,0.22024105,11,2009,10443,Sebastes.brevispinis
Total,0.149417275,0.119004193,0.107452346,0.053433259,0.458120463,12,2011,10443,Sebastes.brevispinis
Total,0.17624222,0.133918343,0.218273389,0.056564751,0.496726116,13,2013,10443,Sebastes.brevispinis
Total,0.192558124,0.155516611,0.133283902,0.063579673,0.52604721,14,2015,10443,Sebastes.brevispinis
Total,0.896396636,0.840839291,0.339110153,0.450098947,1.727387352,1,1984,10443,Sebastes.polyspinis
Total,3.244359659,3.067979695,1.096990007,1.733895391,5.920834198,2,1987,10443,Sebastes.polyspinis
Total,4.624491795,3.984831542,2.889800873,1.738086924,11.3195373,3,1990,10443,Sebastes.polyspinis
Total,10.16675894,9.385504179,3.961248469,4.919018682,20.06443904,4,1993,10443,Sebastes.polyspinis
Total,6.430172471,6.051821443,1.952628644,3.636951457,11.08203457,5,1996,10443,Sebastes.polyspinis
Total,5.045113293,4.752562424,1.682695629,2.71480422,8.964980086,6,1999,10443,Sebastes.polyspinis
Total,18.15279885,15.73051472,9.940555204,7.046775642,47.86107019,7,2001,10443,Sebastes.polyspinis
Total,3.806400435,3.601378351,1.224311522,2.036980869,6.745359868,8,2003,10443,Sebastes.polyspinis
Total,11.4625097,10.68055271,4.185783148,5.55482432,22.08416829,9,2005,10443,Sebastes.polyspinis
Total,9.051873985,8.479161684,2.98841095,4.644796179,16.17754008,10,2007,10443,Sebastes.polyspinis
Total,4.073124893,3.809434308,1.440168299,2.141153583,7.534508889,11,2009,10443,Sebastes.polyspinis
Total,6.030241551,5.546425207,2.583923309,2.740447784,12.54309899,12,2011,10443,Sebastes.polyspinis
Total,17.84187895,16.52132721,6.677843227,8.764003393,34.49970712,13,2013,10443,Sebastes.polyspinis
Total,5.06819047,4.570804278,2.411744746,2.247969237,10.74177599,14,2015,10443,Sebastes.polyspinis
Total,0.244688912,0.123776351,0.433130341,0.021345046,1.292446585,1,1984,10443,Sebastes.proriger
Total,0.3134583,0.173050099,0.517372742,0.036451619,1.497759652,2,1987,10443,Sebastes.proriger
Total,0.348817047,0.210208191,0.468306622,0.042540779,1.453202228,3,1990,10443,Sebastes.proriger
Total,0.250697559,0.14707586,0.382287778,0.026076899,1.160303104,4,1993,10443,Sebastes.proriger
Total,0.188593503,0.110659165,0.277040879,0.020299624,0.92740917,5,1996,10443,Sebastes.proriger
Total,0.173051922,0.097200503,0.257457538,0.019525374,0.840330367,6,1999,10443,Sebastes.proriger
Total,0.151632942,0.092743331,0.209858451,0.017694081,0.653398708,7,2001,10443,Sebastes.proriger
Total,0.13389115,0.084253317,0.184014561,0.019818782,0.528120591,8,2003,10443,Sebastes.proriger
Total,0.16295908,0.106702052,0.179048055,0.029652013,0.648766841,9,2005,10443,Sebastes.proriger
Total,0.167866248,0.111364693,0.189104207,0.028029109,0.688560967,10,2007,10443,Sebastes.proriger
Total,0.17071985,0.109871054,0.200616005,0.023377201,0.67202263,11,2009,10443,Sebastes.proriger
Total,0.240292509,0.158477788,0.308679526,0.031935779,0.943266455,12,2011,10443,Sebastes.proriger
Total,0.334093272,0.216350003,0.360551595,0.051740781,1.300282266,13,2013,10443,Sebastes.proriger
Total,0.416499276,0.267820004,0.478679346,0.061327531,1.557642364,14,2015,10443,Sebastes.proriger
Total,0.182709061,0.134408697,0.206351375,0.046867556,0.691412248,1,1984,10443,Sebastes.variegatus
Total,0.86319282,0.775293557,0.41020566,0.360943791,1.969053089,2,1987,10443,Sebastes.variegatus
Total,0.438024227,0.372567807,0.278159984,0.179001559,1.136184435,3,1990,10443,Sebastes.variegatus
Total,0.433516906,0.382114633,0.286677472,0.206509483,0.919996334,4,1993,10443,Sebastes.variegatus
Total,0.279575066,0.249605942,0.142391168,0.115603172,0.633697697,5,1996,10443,Sebastes.variegatus
Total,0.555270012,0.444338154,0.436962773,0.184882976,1.69419866,6,1999,10443,Sebastes.variegatus
Total,0.464735635,0.362322887,0.445808809,0.141504913,1.270988869,7,2001,10443,Sebastes.variegatus
Total,0.257667328,0.193813273,0.35136139,0.069587133,0.744899998,8,2003,10443,Sebastes.variegatus
Total,0.327238668,0.263054373,0.242686384,0.120575016,0.947348753,9,2005,10443,Sebastes.variegatus
Total,0.15556219,0.086886241,1.211883482,0.031760106,0.373789975,10,2007,10443,Sebastes.variegatus
Total,0.125695311,0.096857037,0.107537404,0.038097897,0.385860009,11,2009,10443,Sebastes.variegatus
Total,0.132002526,0.096662777,0.235076433,0.033163327,0.42303424,12,2011,10443,Sebastes.variegatus
Total,0.198833944,0.150447038,0.324095582,0.064716286,0.535495318,13,2013,10443,Sebastes.variegatus
Total,0.099625954,0.071995138,0.129610161,0.024761435,0.326372304,14,2015,10443,Sebastes.variegatus
Total,0.078198367,0.047133721,0.126040266,0.01591045,0.342171915,1,1984,10443,Sebastes.zacentrus
Total,0.064786195,0.020553832,0.753070384,0.00688379,0.122256716,2,1987,10443,Sebastes.zacentrus
Total,0.085966026,0.029647424,1.166021541,0.012077391,0.187012147,3,1990,10443,Sebastes.zacentrus
Total,0.083984242,0.044217842,0.385797694,0.017555754,0.270423485,4,1993,10443,Sebastes.zacentrus
Total,0.088129762,0.047266488,0.212996278,0.015940067,0.380266082,5,1996,10443,Sebastes.zacentrus
Total,0.177211862,0.090699502,0.557968681,0.029081136,0.609537139,6,1999,10443,Sebastes.zacentrus
Total,0.244716159,0.088987965,2.859224122,0.027165095,0.741364023,7,2001,10443,Sebastes.zacentrus
Total,0.148390217,0.077924131,0.374232236,0.025162254,0.62754831,8,2003,10443,Sebastes.zacentrus
Total,0.222536926,0.161797465,0.311376661,0.067867248,0.704215252,9,2005,10443,Sebastes.zacentrus
Total,0.146985349,0.092983395,0.304713747,0.033347729,0.463764226,10,2007,10443,Sebastes.zacentrus
Total,0.107883897,0.059172357,0.26274459,0.018133144,0.438402045,11,2009,10443,Sebastes.zacentrus
Total,0.113545688,0.048564127,0.357164079,0.012263204,0.492533016,12,2011,10443,Sebastes.zacentrus
Total,0.180587188,0.061592334,0.769892275,0.015449812,0.813957324,13,2013,10443,Sebastes.zacentrus
Total,0.279277313,0.044993304,3.16442107,0.011031371,0.614061528,14,2015,10443,Sebastes.zacentrus
Total,0.011238289,0.010484217,0.003881288,0.005418093,0.020455067,1,1984,10443,Sebastolobus.alascanus
Total,0.007242666,0.006731474,0.002853576,0.003371677,0.014591137,2,1987,10443,Sebastolobus.alascanus
Total,0.006464038,0.005956669,0.002645812,0.002961968,0.012899128,3,1990,10443,Sebastolobus.alascanus
Total,0.02362433,0.022247498,0.008636086,0.011956324,0.044042289,4,1993,10443,Sebastolobus.alascanus
Total,0.055172791,0.052518868,0.018157515,0.028281124,0.102144526,5,1996,10443,Sebastolobus.alascanus
Total,0.098713303,0.092369829,0.035940565,0.048227532,0.180859876,6,1999,10443,Sebastolobus.alascanus
Total,0.069796953,0.063161251,0.032653397,0.027164278,0.152132075,7,2001,10443,Sebastolobus.alascanus
Total,0.06161875,0.057377891,0.025525213,0.029149776,0.116963653,8,2003,10443,Sebastolobus.alascanus
Total,0.073952243,0.068219227,0.026129963,0.038230977,0.136967271,9,2005,10443,Sebastolobus.alascanus
Total,0.097794223,0.090656507,0.036004002,0.04977121,0.195179999,10,2007,10443,Sebastolobus.alascanus
Total,0.08923346,0.08379455,0.030975322,0.046392506,0.168579243,11,2009,10443,Sebastolobus.alascanus
Total,0.077183019,0.069829993,0.03161715,0.035970946,0.161822806,12,2011,10443,Sebastolobus.alascanus
Total,0.082670196,0.074426386,0.036059775,0.033249747,0.172212557,13,2013,10443,Sebastolobus.alascanus
Total,0.073430067,0.067331523,0.029661258,0.033565301,0.145130938,14,2015,10443,Sebastolobus.alascanus
Total,0.367282959,0.361876108,0.06961085,0.245500917,0.521551751,1,1984,10443,Squalus.acanthias
Total,0.217351305,0.212407714,0.042266952,0.147590258,0.315995686,2,1987,10443,Squalus.acanthias
Total,0.857031795,0.847798898,0.12228331,0.651299981,1.127153672,3,1990,10443,Squalus.acanthias
Total,1.185577118,1.170512095,0.145335873,0.946173289,1.513205484,4,1993,10443,Squalus.acanthias
Total,0.722946565,0.713754768,0.13374501,0.487609129,1.005076958,5,1996,10443,Squalus.acanthias
Total,1.959310824,1.948775663,0.226331367,1.560614134,2.425548134,6,1999,10443,Squalus.acanthias
Total,1.960085319,1.930118176,0.720556789,0.757108695,3.494191428,7,2001,10443,Squalus.acanthias
Total,3.912058809,3.938823277,0.999287417,1.851158962,5.792196927,8,2003,10443,Squalus.acanthias
Total,2.650948858,2.656796682,0.907242594,1.01111459,4.572320591,9,2005,10443,Squalus.acanthias
Total,3.746669626,3.703502742,0.867158387,2.195631413,5.492900441,10,2007,10443,Squalus.acanthias
Total,1.394990155,1.385209851,0.492611953,0.504052857,2.428012564,11,2009,10443,Squalus.acanthias
Total,0.87768912,0.865026764,0.166210192,0.590628779,1.200921715,12,2011,10443,Squalus.acanthias
Total,0.695108707,0.666486245,0.205895775,0.384699471,1.182076989,13,2013,10443,Squalus.acanthias
Total,0.915349521,0.863455236,0.271672601,0.53864855,1.593449645,14,2015,10443,Squalus.acanthias
Total,0.323896119,0.304913556,0.108233544,0.172852555,0.600387825,1,1984,10443,Thaleichthys.pacificus
Total,0.279132903,0.26327444,0.078992238,0.171523575,0.475175354,2,1987,10443,Thaleichthys.pacificus
Total,0.553681758,0.542669969,0.110447509,0.370205314,0.808419431,3,1990,10443,Thaleichthys.pacificus
Total,0.593601605,0.574379501,0.129991738,0.386758267,0.87962601,4,1993,10443,Thaleichthys.pacificus
Total,0.606951139,0.595022639,0.113726526,0.424998504,0.853609105,5,1996,10443,Thaleichthys.pacificus
Total,0.238517662,0.22991176,0.057388477,0.156051422,0.375429694,6,1999,10443,Thaleichthys.pacificus
Total,1.075863767,1.004995011,0.379996825,0.551705271,1.977713643,7,2001,10443,Thaleichthys.pacificus
Total,1.529470482,1.504364674,0.367038664,0.925770739,2.345350217,8,2003,10443,Thaleichthys.pacificus
Total,1.153750704,1.100006982,0.317086154,0.661814645,1.875604727,9,2005,10443,Thaleichthys.pacificus
Total,1.168715536,1.102596894,0.363381941,0.671710461,2.112785648,10,2007,10443,Thaleichthys.pacificus
Total,1.378621495,1.333931082,0.355110591,0.821152462,2.222859381,11,2009,10443,Thaleichthys.pacificus
Total,1.222438403,1.148583792,0.377516288,0.713557473,2.150935845,12,2011,10443,Thaleichthys.pacificus
Total,1.097914149,1.050127132,0.315851048,0.653547634,1.81126387,13,2013,10443,Thaleichthys.pacificus
Total,1.107091113,1.083294807,0.252463758,0.700413878,1.690281077,14,2015,10443,Thaleichthys.pacificus
Total,0.119256967,0.116635309,0.023854258,0.081163174,0.173720885,1,1984,10443,Zaprora.silenus
Total,0.174266397,0.172444011,0.031343582,0.121135698,0.240768737,2,1987,10443,Zaprora.silenus
Total,0.215115222,0.21098288,0.041202156,0.14622104,0.301983051,3,1990,10443,Zaprora.silenus
Total,0.250947056,0.247563836,0.048454184,0.172575452,0.356631647,4,1993,10443,Zaprora.silenus
Total,0.256004441,0.250050934,0.059980379,0.15564292,0.388184806,5,1996,10443,Zaprora.silenus
Total,0.170925956,0.165264837,0.043136235,0.10458492,0.268500772,6,1999,10443,Zaprora.silenus
Total,0.15356023,0.149099481,0.040192809,0.093965655,0.24960874,7,2001,10443,Zaprora.silenus
Total,0.134478608,0.130316583,0.034902619,0.080569103,0.212407278,8,2003,10443,Zaprora.silenus
Total,0.183118779,0.176481769,0.04419303,0.11751787,0.28987348,9,2005,10443,Zaprora.silenus
Total,0.118383666,0.114875396,0.030764174,0.071019306,0.186317687,10,2007,10443,Zaprora.silenus
Total,0.068249514,0.065582607,0.019208101,0.03763756,0.111267163,11,2009,10443,Zaprora.silenus
Total,0.060037086,0.057400874,0.018770703,0.030493008,0.101283078,12,2011,10443,Zaprora.silenus
Total,0.077738215,0.074447666,0.022713951,0.04286955,0.128831914,13,2013,10443,Zaprora.silenus
Total,0.082535247,0.078616746,0.025297494,0.045170125,0.136705434,14,2015,10443,Zaprora.silenus